Date,XEM,EOS,XMR,DOT,USDC,UNI,BNB,MIOTA,AAVE,SOL,BTC,ADA,USDT,ATOM,LINK,LTC,XRP,ETH,TRX,XLM,CRO,DOGE,WBTC
2020-10-05 23:59:59,0.12233465,2.52906771,112.9032484,4.17269979,1.00047237,3.41920528,28.65910387,0.27172564,53.21924296,2.65764391,10793.33942751,0.09754411,1.00086633,5.38219841,9.62370265,46.36322602,0.25081649,353.95677154,0.0264428,0.07341868,0.15000913,0.00261238,10798.55169663
2020-10-06 23:59:59,0.11729801,2.69305388,106.66599565,3.75616173,1.00088338,2.83424131,27.71452837,0.25343259,42.40159861,2.17625031,10604.40588882,0.09280763,1.00044802,4.73291474,8.77927161,45.98552988,0.24534051,340.81584538,0.02558027,0.07250057,0.1471977,0.00261147,10612.53783883
2020-10-07 23:59:59,0.11793893,2.64604256,109.98903108,3.85879757,1.0001681,2.80006352,27.70483612,0.25683191,40.08397561,2.29179581,10668.96895539,0.09380031,1.0007074,4.8864567,8.95785031,46.66047943,0.24853854,341.80866898,0.025477,0.07230143,0.1475834,0.00259518,10670.3929312
2020-10-08 23:59:59,0.11931564,2.60967111,110.90993309,4.10264234,1.00043105,3.27030556,27.70531082,0.26209749,43.76446306,2.36522028,10915.68573098,0.09615203,1.00125232,5.04578793,9.50881817,47.2183813,0.25145445,350.76615934,0.02567061,0.07309526,0.15062577,0.00259556,10908.85962413
2020-10-09 23:59:59,0.1199715,2.64529545,116.03467315,4.26246761,1.00072743,3.09736689,28.44503117,0.27102262,46.81774415,2.53985887,11064.45759247,0.10192532,1.0011795,5.1570423,10.34690225,47.83295548,0.25349053,365.59047723,0.02622305,0.07514366,0.15242799,0.00265253,11071.4336965
2020-10-10 23:59:59,0.12087067,2.65085682,115.83748139,4.25295528,1.00029088,3.33152713,28.3124865,0.27787927,49.13371767,2.40608988,11296.3614282,0.10502489,1.00088435,5.52570007,10.52479304,48.92109624,0.25429026,370.96758819,0.0263701,0.07737274,0.15433326,0.00265453,11306.53170154
2020-10-11 23:59:59,0.12110632,2.66502787,125.9218777,4.26216216,1.000751,3.38724035,28.55557992,0.30714528,49.66072573,2.42657824,11384.1819535,0.10653755,1.00073445,6.07976042,10.84740673,50.72790178,0.25571862,375.14204941,0.02646722,0.07722922,0.15415681,0.00267363,11379.33856788
2020-10-12 23:59:59,0.12176896,2.65181629,129.58143799,4.31994798,1.00039071,3.26026136,30.71468112,0.29139138,52.23869222,2.58707246,11555.3628878,0.1100344,1.00130219,5.98507573,11.45290886,50.74381819,0.25644633,387.7312655,0.02708219,0.07768299,0.15472286,0.00267315,11542.78760073
2020-10-13 23:59:59,0.12255364,2.64646547,127.77769198,4.24940015,1.00042961,3.49726586,30.7067448,0.28544561,51.12431679,2.40491019,11425.8994007,0.10885216,1.00111126,6.0155875,10.9954478,49.94064077,0.25632299,381.19076126,0.02678798,0.07634499,0.14715146,0.0026351,11428.21753311
2020-10-14 23:59:59,0.11935211,2.61407021,128.70173666,4.19911439,1.00080262,3.08202347,30.91211751,0.27472216,51.31651791,2.31463525,11429.50688675,0.10729689,1.00100684,5.74896815,10.94910891,49.84649026,0.24944771,379.48403791,0.0268272,0.07428265,0.13887074,0.00263711,11430.97129915
2020-10-15 23:59:59,0.11575023,2.59729435,129.83162515,4.09681088,1.00045231,2.90694874,31.29586457,0.27618513,44.01918294,2.26643616,11495.34965037,0.10663535,1.00079616,5.76012953,10.73775216,49.4903711,0.2459395,377.44184574,0.02653648,0.07404083,0.13953409,0.00259265,11491.64932562
2020-10-16 23:59:59,0.11289484,2.54339939,120.18889362,3.90952943,1.00064284,3.03497654,29.99489889,0.26428628,39.49584426,2.1493861,11322.12268618,0.10406353,1.00104706,5.39341566,10.61954995,47.69287458,0.24044322,366.22901728,0.02573906,0.07870242,0.13621897,0.00261207,11318.26280402
2020-10-17 23:59:59,0.11380673,2.53501173,120.03815939,3.96725217,1.0004439,3.0006826,30.2482347,0.27001818,41.36699325,2.20184324,11358.10156733,0.10610355,1.00069666,5.46519166,10.6525236,47.05392769,0.2409306,368.85594038,0.02574631,0.08191619,0.13365919,0.00258111,11360.85548727
2020-10-18 23:59:59,0.11360216,2.55632784,123.62600716,4.1046509,1.00043109,3.26685888,30.65952324,0.27299865,40.74697166,2.21426738,11483.35971184,0.10738818,1.00078389,5.76381737,10.88071251,47.61954565,0.24222456,378.21369795,0.02593621,0.07955065,0.12110863,0.00258649,11486.036491
2020-10-19 23:59:59,0.11239185,2.59016615,125.40417291,3.99059237,1.00063807,3.17766422,29.92506724,0.27710361,36.01231739,2.05807954,11742.03715033,0.10867712,1.00085311,5.50677288,10.88628304,48.09891537,0.24596448,379.93560927,0.02586055,0.08524855,0.11040357,0.00258976,11735.53436679
2020-10-20 23:59:59,0.10966146,2.53881229,117.94543597,3.91034337,1.00043948,2.86980023,28.80344291,0.26451442,32.18001748,1.88867176,11916.33514058,0.10249371,1.00098522,5.04346325,9.87859282,47.05102987,0.24357286,369.13691491,0.02601167,0.08090614,0.10591452,0.00260093,11919.94429993
2020-10-21 23:59:59,0.10488674,2.62288178,121.75270797,4.14111972,0.99995623,2.94137384,29.77235434,0.28200325,35.16035652,1.89037825,12823.68918938,0.1061869,1.00183442,5.25557498,10.80460729,53.04532907,0.25161491,392.18996695,0.02672063,0.08377958,0.10149483,0.00263032,12861.88674374
2020-10-22 23:59:59,0.10888241,2.67513903,127.06774746,4.26894964,0.99999266,3.03945049,30.6581907,0.28221205,38.03165056,1.95565252,12965.89129043,0.11057174,1.00109146,5.42904648,11.93933492,54.26727705,0.25680737,413.77299269,0.02704168,0.08528012,0.09612478,0.00265502,12941.39851352
2020-10-23 23:59:59,0.10757687,2.64248321,127.29602127,4.2668497,1.0003127,3.01219005,30.63396067,0.27579823,41.68663736,1.96003515,12931.53902256,0.10808285,1.00065675,5.36967054,12.16379485,55.23868781,0.25487888,409.76669164,0.02669117,0.08379547,0.10076519,0.0026469,12914.28103537
2020-10-24 23:59:59,0.10601214,2.65023951,128.99570152,4.35534397,0.99992771,2.943257,30.58882127,0.28761889,39.45502214,1.91182801,13108.06261161,0.10807512,1.00090892,5.55565402,12.73154846,59.0955865,0.25643078,412.45761883,0.02705049,0.08543687,0.10179292,0.0026455,13106.40553066
2020-10-25 23:59:59,0.10553837,2.69436689,130.79930975,4.33523061,1.00019472,2.77574688,30.10754117,0.2778596,37.90476078,1.78745942,13031.17431056,0.10635066,1.00072093,5.29901023,12.16005893,58.67479959,0.25321315,406.2177613,0.02693528,0.08314275,0.09665925,0.00265314,13030.17959817
2020-10-26 23:59:59,0.09943412,2.62851339,132.02179608,4.72701624,1.00017605,2.72590258,31.1545605,0.2740293,36.03392191,1.68546625,13075.24769656,0.10309702,1.0009582,5.15221952,11.74790244,56.74577824,0.24868771,393.88831313,0.02676151,0.08090656,0.09615273,0.00267853,13054.63449324
2020-10-27 23:59:59,0.09676365,2.6641074,133.72808616,4.68395195,0.99999504,2.82239855,31.63872183,0.27705514,34.87153083,1.71023239,13654.21844012,0.10282683,1.00022281,5.15698607,11.97383673,57.81605141,0.25289944,403.99704505,0.02696136,0.08180863,0.09842109,0.00267665,13617.29388511
2020-10-28 23:59:59,0.09341504,2.65461466,126.3503675,4.36509669,1.00008227,2.67611603,30.363506,0.26829686,32.39408292,1.49005343,13271.28536861,0.09897673,1.00034047,4.80791712,11.4617424,55.74251071,0.24586472,388.65077072,0.02685205,0.07859164,0.08930957,0.00259499,13225.86486601
2020-10-29 23:59:59,0.09766552,2.62791437,124.28270385,4.05334477,1.00014562,2.54161629,29.84247846,0.25910243,29.09833402,1.42893639,13437.8832414,0.09537568,1.00034905,4.62976658,11.26514099,54.76585539,0.24229485,386.7301135,0.02648968,0.07745294,0.09025684,0.00258066,13413.61231564
2020-10-30 23:59:59,0.09568034,2.50547713,122.95085625,4.08811312,1.00026456,2.41416755,28.50841223,0.25731874,31.21782294,1.44133589,13546.52226938,0.09336885,1.0009044,4.62476393,11.09855655,53.83503374,0.23918382,382.81999199,0.02562615,0.0767633,0.08411126,0.00259836,13503.27401068
2020-10-31 23:59:59,0.09641862,2.52105046,126.33506906,4.18176751,1.00027771,2.26642787,28.43121469,0.25286795,29.70751775,1.54069959,13780.99470249,0.09305597,1.00020042,4.62013084,11.22083857,55.59026116,0.2397442,386.59033529,0.02576956,0.07767283,0.08415107,0.00257594,13715.39643563
2020-11-01 23:59:59,0.09822426,2.51179841,126.55530117,4.22561493,1.00030367,2.37930546,28.46156546,0.25124781,30.65727643,1.5998403,13737.10982864,0.09819689,1.00037867,4.7356045,11.53662956,55.5876231,0.23979745,396.35818693,0.02572745,0.07847773,0.08420598,0.00258175,13649.20393816
2020-11-02 23:59:59,0.09973025,2.43064366,118.7344225,4.0302315,1.00026769,2.25425989,27.88393056,0.24610987,29.73152358,1.47407225,13550.4893841,0.09214304,1.00052331,4.61016451,10.7975786,53.81748107,0.23542055,383.15673256,0.02443304,0.07566041,0.07994446,0.00251712,13432.17517808
2020-11-03 23:59:59,0.09912676,2.36103488,120.73329762,4.02546848,0.99997228,2.13431874,26.85704897,0.24446382,28.04280321,1.41223396,13950.30084729,0.09343444,1.00055231,4.47697378,10.3870017,53.81962176,0.23951003,387.60217328,0.02441623,0.07531125,0.07933936,0.00252762,13913.52510466
2020-11-04 23:59:59,0.09747646,2.349333,115.9558376,4.09808333,1.00034756,1.93011859,26.93151415,0.23619344,27.71508436,1.39225494,14133.70715301,0.09536906,1.0010787,4.38550943,10.47258743,54.49910437,0.23779264,402.14199843,0.02419648,0.07459282,0.07696293,0.00253328,14066.74765791
2020-11-05 23:59:59,0.1012481,2.44427202,119.81245886,4.23519485,0.99998786,2.20612935,27.67585879,0.2493184,30.95562668,1.40521805,15579.84846029,0.09699436,1.00041963,4.51377971,10.990669,58.67849616,0.24577641,414.06733818,0.02496151,0.08017504,0.07951403,0.00261685,15509.62071378
2020-11-06 23:59:59,0.12522496,2.53512695,119.48121939,4.57965191,1.00014146,2.5507954,29.01799902,0.26670174,38.45744081,1.91374,15565.88058083,0.10910493,1.00029637,4.87108582,12.11807205,63.13111235,0.25844464,454.71929029,0.02606515,0.08387438,0.07910617,0.00275989,15533.67523036
2020-11-07 23:59:59,0.11731148,2.49940198,111.31348825,4.24195952,1.00010125,2.46649654,27.73809536,0.25748551,44.60489962,2.03196386,14833.7541075,0.1013791,1.00157583,4.61772233,11.75722417,59.14364748,0.24958223,435.71313513,0.02491969,0.07961391,0.07327396,0.00267068,14823.48783502
2020-11-08 23:59:59,0.12749786,2.53960647,120.33414528,4.37209313,0.99995733,2.84861707,28.3051156,0.2660683,53.74937894,2.15659813,15479.56703842,0.10662103,1.00084587,4.80334628,12.6560345,61.05504665,0.2539387,453.55478553,0.02536509,0.08153846,0.07477048,0.00271064,15451.86771954
2020-11-09 23:59:59,0.12473966,2.49938391,115.65994583,4.34676728,0.99993203,2.67686302,28.01802089,0.25138863,54.88649964,2.02865216,15332.31559743,0.10532534,1.00065261,5.13356293,12.52073547,59.36388331,0.25074766,444.16305707,0.02481089,0.07967746,0.07029722,0.00266953,15294.62058694
2020-11-10 23:59:59,0.13163013,2.49940498,115.33495293,4.41501638,1.00032487,3.00754392,28.1933417,0.25447026,67.00111098,2.247987,15290.90268148,0.10580529,1.00112683,5.07848133,13.00346297,58.23734357,0.25391118,449.67962112,0.0248716,0.07982808,0.06984349,0.00275341,15243.54803965
2020-11-11 23:59:59,0.13252583,2.50334364,113.3657694,4.4572018,1.00014976,2.91237512,27.95617778,0.25081719,54.69964668,2.0021245,15701.33973237,0.10596494,1.00098523,5.03386773,12.80753845,59.51502792,0.25625941,462.96052774,0.02505395,0.08069167,0.07066611,0.00276896,15696.9410833
2020-11-12 23:59:59,0.12991105,2.46178749,112.04699755,4.39924024,0.9992072,2.93014159,27.61480668,0.24831973,51.63241804,1.89913759,16276.34394919,0.10452506,1.00050902,5.03527003,12.42322296,60.36537784,0.25490322,461.00527114,0.02493711,0.08066601,0.07205461,0.00277901,16226.75594981
2020-11-13 23:59:59,0.13385866,2.59747944,114.11271105,4.5401198,1.00001239,3.8796593,28.18217212,0.25645307,63.39907168,2.02079216,16317.80819009,0.10639074,1.00034534,5.21096513,12.8879783,65.45720007,0.2651905,474.62642092,0.02540475,0.08231771,0.07041889,0.00282145,16232.41870895
2020-11-14 23:59:59,0.13765142,2.53961862,116.57744471,4.4656222,1.00022437,3.80910701,27.93620058,0.25270825,67.01611273,1.91701557,16068.13870685,0.10420159,1.00028762,5.04742864,12.57696003,63.77414998,0.26834244,460.14983674,0.02519053,0.08115832,0.06764896,0.002773,16039.94330911
2020-11-15 23:59:59,0.13303342,2.49786955,114.62094422,4.37998835,1.00016798,3.86200742,27.62103009,0.24940238,64.23729542,2.04323394,15955.58743887,0.10053113,1.0006467,4.98014056,12.1218131,62.27992055,0.26964156,447.55909533,0.02540897,0.08029435,0.06395296,0.00277541,15887.31707739
2020-11-16 23:59:59,0.13502051,2.57571957,117.98246143,4.48549978,1.00016163,3.6040116,28.06410953,0.25374455,71.76639355,2.25535545,16716.11132377,0.10400779,1.00041231,5.10054222,12.59079045,71.32624469,0.28552034,459.94031258,0.0255961,0.08189586,0.06469113,0.00288579,16665.1959337
2020-11-17 23:59:59,0.13389686,2.71210373,125.43039276,4.84466572,1.00007611,3.80348089,28.5305809,0.26562898,78.44328478,2.20218147,17645.40576746,0.10960014,1.00083978,5.28647521,13.2447115,75.85234021,0.3024083,480.36008258,0.02646838,0.0860754,0.06436381,0.00293588,17654.38988443
2020-11-18 23:59:59,0.13144196,2.64180046,123.64198249,4.67966267,1.00012058,3.46366504,28.07616291,0.25642591,75.23227405,2.11502872,17804.00563217,0.10640261,1.00039946,5.10066778,13.59299642,73.69493456,0.29422167,479.48406975,0.02682202,0.08361524,0.06582489,0.00290902,17793.18068606
2020-11-19 23:59:59,0.11408918,2.63621518,118.38548037,4.7567662,1.0001876,3.7330601,28.09410417,0.25336387,75.85718351,2.07676865,17817.09024754,0.10586606,1.00078094,5.09063466,13.62188196,81.68366667,0.30376565,471.63041968,0.02580231,0.08390624,0.06673213,0.00291104,17788.11661114
2020-11-20 23:59:59,0.12340073,2.77554809,120.94480372,5.23343571,1.00003932,3.84091406,28.89199739,0.26529544,75.06539972,2.09539164,18621.31436938,0.1182257,1.00042702,5.27023722,14.07827326,82.583154,0.32806824,509.74457334,0.02626955,0.08830738,0.07698757,0.00298434,18623.14429884
2020-11-21 23:59:59,0.13745817,3.21610062,128.06749049,5.75192122,0.9999918,3.81223005,30.3912909,0.3235017,70.42424685,2.38220531,18642.23276593,0.13294498,0.99887395,5.89125746,15.355934,86.41011587,0.45834416,549.48662086,0.03033475,0.10840489,0.07278006,0.00350659,18601.52605375
2020-11-22 23:59:59,0.1287229,3.05149739,123.33387377,5.48185289,0.99997751,3.65905312,29.92507133,0.31770056,68.42477869,2.14484477,18370.00252365,0.14476017,0.99920264,5.46323492,14.44480124,82.70420982,0.44370043,558.06809523,0.02869945,0.10352625,0.07094396,0.0033293,18398.17223527
2020-11-23 23:59:59,0.14534145,3.382453,129.88900657,5.9069321,0.99981977,4.18887791,30.96536947,0.35877809,71.83861244,2.27637688,18364.12159134,0.15350993,1.00009157,5.80081328,15.27084388,89.03931421,0.6139796,608.45402857,0.03167253,0.13059927,0.07224472,0.00364797,18358.94405618
2020-11-24 23:59:59,0.16277996,3.58598476,135.20034233,5.72944635,0.99983031,4.06707338,33.80315145,0.38303498,66.73867871,2.26796698,19107.46444977,0.16632261,0.99980773,5.9503631,15.62066489,89.20537318,0.69210316,603.89774601,0.03506729,0.19547983,0.08111599,0.00420366,19146.87129614
2020-11-25 23:59:59,0.18140159,3.43941737,129.14587869,5.30985986,1.00005264,3.68375432,31.34296007,0.35520555,61.80533895,2.27003407,18732.1207774,0.15516213,1.00005305,5.92368189,14.26096459,81.88012987,0.63548327,570.68661621,0.0331058,0.19520212,0.07825506,0.00372672,18690.25031531
2020-11-26 23:59:59,0.1588722,2.94096747,119.35115872,4.80457692,1.00023493,3.43149857,28.20491606,0.30353637,63.99345248,1.90303693,17150.62357809,0.13828125,1.00203454,5.32897524,12.57536258,70.86572109,0.53301892,518.80117389,0.02938731,0.16754814,0.06370475,0.00324982,17123.87418362
2020-11-27 23:59:59,0.17301424,2.87136607,117.3132112,4.78279012,1.00076925,3.31672524,28.47518678,0.31271637,60.73871861,1.85794881,17108.40172774,0.14102816,1.00119989,5.35995333,12.49025874,69.12387404,0.55926763,517.49368769,0.02936294,0.20640935,0.06425499,0.00327521,17060.38877575
2020-11-28 23:59:59,0.18063152,2.99910621,122.00398249,4.90047564,1.00004266,3.46967137,29.14391133,0.33834941,63.94728703,1.88893452,17717.4150112,0.16479091,1.00100063,5.43474024,13.07834626,72.69296617,0.62562208,538.22980058,0.03043469,0.20020316,0.06520899,0.00340487,17734.59088211
2020-11-29 23:59:59,0.17796974,3.03292742,123.99252222,5.19035218,1.00007259,3.55205527,30.11760417,0.34289553,68.85312443,1.9151547,18177.48341979,0.16663903,1.00088981,5.42522156,13.37291837,79.23506852,0.60624629,575.75804789,0.03069862,0.19422412,0.06617921,0.00344778,18167.77554048
2020-11-30 23:59:59,0.18886184,3.25918455,129.7142671,5.37643011,1.00019227,3.76907441,31.39278584,0.35147586,76.41953515,1.96689116,19625.83502949,0.17130821,1.00037696,5.55477948,14.2256385,87.57463257,0.6643373,614.84252202,0.03232013,0.20209288,0.07023793,0.00355089,19619.04234746
2020-12-01 23:59:59,0.19034081,2.99536264,125.92882905,5.09356673,1.00022674,3.55541263,30.10830281,0.32695498,74.86836458,1.97630826,18802.99829969,0.15598286,1.00132273,5.26928455,13.38953504,85.43576677,0.61292341,587.32418713,0.03027735,0.18442527,0.06557685,0.0033347,18828.37847085
2020-12-02 23:59:59,0.20024939,3.05911332,127.89871786,5.46415704,1.00005216,3.93694029,30.29736127,0.34476766,86.32324982,2.11540134,19201.09115697,0.15855732,1.00067079,5.49968424,13.98736604,88.85651249,0.62989304,598.35234223,0.0311959,0.18515054,0.06677152,0.00337436,19214.0018119
2020-12-03 23:59:59,0.21879706,3.08292059,133.01735546,5.41036865,0.99998822,3.89198201,30.70443037,0.3484658,91.67564477,2.10037052,19445.39847988,0.16421198,1.00083972,5.50393328,13.97472094,89.09896529,0.63148285,616.70875486,0.03164091,0.18430375,0.06628898,0.00342761,19460.82338178
2020-12-04 23:59:59,0.24223557,2.856019,127.01794755,5.03271351,1.00005416,3.52813216,29.07220783,0.32255162,81.6418197,1.85595318,18699.76561337,0.14824113,1.00023672,5.07277271,12.74124547,80.01707227,0.55726194,569.35419749,0.02955283,0.16285452,0.06290657,0.00329811,18665.34367697
2020-12-05 23:59:59,0.26045784,3.01112904,133.36055133,5.18890299,1.00002447,3.68167397,29.72948849,0.34165679,91.92059987,1.9787738,19154.231131,0.15966784,1.00054453,5.25766705,13.17303755,83.11872986,0.58442082,596.59547474,0.03057224,0.17171817,0.06421959,0.00339687,19150.38190107
2020-12-06 23:59:59,0.24895734,2.99616017,134.65055896,5.135868,1.00026969,3.6531076,29.54080394,0.33832391,87.95642649,1.85424895,19345.12095871,0.15886675,1.00120332,5.20797196,13.49239685,83.55533607,0.61985104,601.90899244,0.03092528,0.17563025,0.06380282,0.0033884,19383.04444957
2020-12-07 23:59:59,0.23637867,2.95173985,138.92463662,5.06032011,1.00000792,3.7645407,29.37813565,0.3187174,90.9602979,1.83117262,19191.63128698,0.15413038,1.0005709,5.09583909,13.08094922,83.62405876,0.60893445,591.84337934,0.03031663,0.16845983,0.06418363,0.00334233,19176.62745595
2020-12-08 23:59:59,0.22218421,2.79838306,135.71199524,4.73334726,1.00010151,3.28498568,27.6363057,0.29953597,79.94619074,1.66535169,18321.14491611,0.14092839,0.99970572,4.73381583,12.14571383,76.7486542,0.55883618,554.82775708,0.02784883,0.15280335,0.06042585,0.00317934,18327.36819814
2020-12-09 23:59:59,0.21735993,2.80964905,132.62823141,4.8618969,1.00078874,3.35541723,28.1293041,0.30925217,82.11372218,1.6623035,18553.91537685,0.14816498,1.00038358,4.80536594,12.63338955,77.41098045,0.58358953,573.47911163,0.02870998,0.1722235,0.06038615,0.00315811,18531.14730714
2020-12-10 23:59:59,0.21751717,2.74267714,133.89603063,4.7975962,1.00004617,3.24360991,27.69619012,0.28477956,76.64575648,1.57415052,18264.99210672,0.1419943,1.0002533,4.65964542,11.92219945,74.82955647,0.57295396,559.67850106,0.02814575,0.16110208,0.05918139,0.0031046,18250.66104503
2020-12-11 23:59:59,0.20526366,2.69438172,141.55613272,4.62105182,0.99999298,2.97210942,27.36100351,0.27455034,74.72982934,1.44458505,18058.90334725,0.13944898,1.00045818,4.71015145,11.66010599,72.08733437,0.54648324,545.79734103,0.02781859,0.15117957,0.05857354,0.0030788,18054.93479045
2020-12-12 23:59:59,0.26076981,2.76818051,146.72313158,4.74045424,1.00000147,3.12253386,28.16445065,0.29012169,77.55488043,1.4909121,18803.65687045,0.1444598,1.00046356,5.06927023,12.20915682,76.70689387,0.50640055,568.56731778,0.02857237,0.15894956,0.0593884,0.00316309,18781.90635904
2020-12-13 23:59:59,0.25272956,2.8480791,151.90993044,4.89121198,0.99988768,3.33782159,29.10169187,0.30054549,83.42745942,1.56545586,19142.3825335,0.1539642,0.99995156,5.18953431,12.93370322,82.00063841,0.51146366,589.6632225,0.02918404,0.17485158,0.06057862,0.00325587,19163.82278105
2020-12-14 23:59:59,0.24775287,2.84259267,152.68317311,4.89808222,0.99997186,3.48526339,30.02957848,0.30174479,86.14011813,1.5916455,19246.64434137,0.15799236,0.99993174,5.22381631,12.8275533,82.36316054,0.49771204,586.01115197,0.02908806,0.16976176,0.06073782,0.00323079,19278.18265269
2020-12-15 23:59:59,0.24643697,2.86449956,150.99568458,5.24960699,1.00023197,3.33150942,29.54728368,0.30424674,87.25809436,1.76067126,19417.07603342,0.15430501,1.00091748,5.29839473,12.70547128,81.40067395,0.46971013,589.35560245,0.02920635,0.16655667,0.06164546,0.00320577,19428.90591295
2020-12-16 23:59:59,0.2562775,3.09792153,158.70458683,5.35931366,0.99986571,3.52855053,30.49019426,0.32755847,87.23005839,1.78359783,21310.59813054,0.1675889,0.99997851,5.47783087,13.45108729,92.78968506,0.56862765,636.18184867,0.03117615,0.19140137,0.0648734,0.00341629,21367.41244952
2020-12-17 23:59:59,0.2795408,3.04011887,160.22095648,5.34396751,0.99982921,3.69151096,30.1841335,0.31989433,85.08382773,1.67863414,22805.16149213,0.16348263,0.99983786,5.35990716,13.46713281,100.95957532,0.57667682,642.86896702,0.03070782,0.18593514,0.06645466,0.0037298,22818.60992489
2020-12-18 23:59:59,0.30313356,3.06255313,154.8211261,5.36764091,0.99989666,3.76731462,30.93835975,0.32394368,89.77007385,1.69879993,23137.96056165,0.16498817,1.00086776,5.33006117,13.51119276,109.3845096,0.58428027,654.81192689,0.03111274,0.18512687,0.06479469,0.00385822,23146.71864309
2020-12-19 23:59:59,0.29822542,3.05923953,155.01753573,5.33894511,0.99996038,3.96389255,33.2963554,0.34045304,89.01304208,1.66865052,23869.83196434,0.16471358,1.00049866,5.29267862,13.4921871,120.5589091,0.57916277,659.29792646,0.03129003,0.18183732,0.06594018,0.00392675,23874.19523847
2020-12-20 23:59:59,0.28920903,3.13501251,152.50001564,5.18847554,0.99989335,3.76568859,34.16029635,0.32376562,85.96947236,1.56357617,23477.29519711,0.16198846,0.99964298,5.02579253,13.07007395,114.66599272,0.55605754,638.29084637,0.03122526,0.17697873,0.0660512,0.00462466,23471.9975396
2020-12-21 23:59:59,0.27682967,2.9431831,146.27159146,4.89054553,0.99986641,3.52324575,32.26952771,0.3059814,81.31193717,1.5419152,22803.0814087,0.15265616,0.99982731,5.04294578,12.34199503,105.00539486,0.5169435,609.81787165,0.02938003,0.16635673,0.05938767,0.00478746,22744.4645221
2020-12-22 23:59:59,0.27741653,2.8989094,156.17311962,5.15482991,0.99997065,3.73061416,33.48294761,0.3075061,84.10955202,1.49028596,23783.02850288,0.15617921,0.99964118,4.95038697,12.79393324,113.6803674,0.44844794,634.85419947,0.02889393,0.16218486,0.06093395,0.00450782,23820.51040882
2020-12-23 23:59:59,0.23339129,2.30488706,150.89761698,4.71061346,0.9999387,3.31396994,31.09789872,0.26544118,75.21556665,1.20569231,23241.34486501,0.13639415,0.99942591,4.37769826,10.8313119,101.81706223,0.25860161,583.71459689,0.02481996,0.12647102,0.05543779,0.00376766,23229.81724171
2020-12-24 23:59:59,0.25671565,2.67170175,156.75629387,5.12882058,1.00007413,3.52143239,32.50059333,0.29367871,80.25657151,1.3624084,23735.94972763,0.15288347,0.99993145,4.94901222,11.57545407,111.56539901,0.33781854,611.60718693,0.02769736,0.15962023,0.05799089,0.00457046,23737.31321472
2020-12-25 23:59:59,0.24394368,2.66060685,159.26890013,5.21421049,1.00019009,3.50369878,33.16497423,0.29149851,79.79518007,1.44540315,24664.79027412,0.15756379,1.00016775,4.91484499,11.54668492,126.98359867,0.31809054,626.41070163,0.02849727,0.15258738,0.0580128,0.00458201,24652.14594374
2020-12-26 23:59:59,0.23652844,2.60622839,167.93965469,5.18218102,0.9997332,3.40696394,33.4771392,0.28550499,74.868333,1.3242381,26437.0375091,0.15782374,0.99848059,4.78878714,10.96487443,129.45920297,0.29471348,635.83583086,0.02773811,0.14704709,0.05922363,0.00449367,26409.52998928
2020-12-27 23:59:59,0.23590601,2.71469776,157.25826968,5.13619073,1.0000788,3.59463998,33.51184727,0.29806357,76.96798485,1.30304194,26272.29456706,0.15442203,0.99885416,4.8271093,12.12970835,127.51696969,0.28303931,682.6423591,0.02884619,0.14497284,0.05687263,0.00454771,26237.58260542
2020-12-28 23:59:59,0.23078467,2.7640702,166.48708005,6.5888218,1.00010058,3.72836028,35.8445565,0.30558642,81.88362359,1.5156849,27084.80788628,0.17673459,0.99860308,5.35629858,12.62838055,130.05033199,0.24795823,730.39736483,0.02953235,0.14437471,0.05930218,0.00459177,27025.55608623
2020-12-29 23:59:59,0.22319104,2.64192892,161.39322197,7.51925703,0.99997809,3.6708054,38.95283333,0.30228606,77.90199883,1.67434488,27362.4365573,0.19216412,0.99858998,5.62725399,11.77112461,129.04079724,0.22096201,731.52011874,0.02768961,0.1388149,0.05803683,0.00448647,27191.39437087
2020-12-30 23:59:59,0.19286868,2.60992265,159.37249905,7.25430008,1.00001065,4.14055831,38.13629984,0.29549851,80.88830364,1.53545722,28840.95341968,0.18403984,1.00027547,5.43616156,11.25357548,129.46607253,0.2118282,751.61897194,0.02694542,0.13191266,0.05892902,0.00463551,28788.81370493
2020-12-31 23:59:59,0.2045231,2.59797698,156.57230606,9.29250771,0.99980675,5.16833732,37.37603315,0.29689304,87.5274822,1.51089796,29001.71982218,0.18139706,1.00059753,6.49320336,11.27053796,124.69032593,0.21984557,737.80339769,0.02683307,0.12836955,0.05852504,0.00468225,28977.74411974
2021-01-01 23:59:59,0.22233914,2.63543894,136.0458617,8.30681869,0.99982324,4.7362491,37.90501081,0.2913477,90.34967103,1.84208404,29374.15188907,0.17534993,1.00191574,5.86855577,11.8725549,126.23034575,0.23744438,730.36756913,0.02693957,0.13240799,0.05958685,0.00568496,29349.44212426
2021-01-02 23:59:59,0.20320604,2.62642571,143.1172159,9.20883657,1.00016197,4.84521386,38.24159295,0.28621961,85.71284343,1.79927479,32127.26793922,0.1774225,1.0006002,5.41461349,12.22013745,136.94489094,0.22165492,774.53496804,0.02721922,0.12782007,0.06181843,0.01061451,32164.80094523
2021-01-03 23:59:59,0.21048162,2.7950519,138.06442352,10.03328252,0.99973591,5.44703128,41.14898038,0.30948928,91.09664966,2.16175192,32782.02446581,0.20499536,1.00051411,5.81389797,13.65017231,160.19058561,0.22584819,975.50767291,0.02949452,0.13642297,0.05976299,0.00977052,33008.12944771
2021-01-04 23:59:59,0.20481262,2.81030853,133.60277407,9.46961118,0.99937218,5.40656561,40.92635471,0.34471737,111.13203789,2.48509738,31971.91352155,0.22476238,1.00012776,5.99676998,13.57106329,154.80732008,0.23667712,1040.23304833,0.03085277,0.16518009,0.06543096,0.00976719,31950.10975632
2021-01-05 23:59:59,0.20573285,2.89780767,136.82509165,9.70165565,0.99974874,6.27929137,41.73459986,0.35311743,116.45382785,2.15721704,33992.42934365,0.25831365,1.00220227,6.21681599,14.53986805,158.59477629,0.22675012,1100.00609944,0.0286322,0.19482343,0.06634753,0.0099204,33968.23747749
2021-01-06 23:59:59,0.25828859,3.37675658,142.32329078,10.09606799,0.99968053,6.40937474,42.16595486,0.38046037,115.00081244,1.92921661,36824.36441009,0.33189849,1.00152781,6.68048696,17.15525669,169.01692345,0.25089517,1207.11223389,0.0305147,0.34079313,0.07683116,0.01046514,36680.52026984
2021-01-07 23:59:59,0.24829303,3.20399962,143.1037013,9.64458538,0.99791185,6.26771472,43.44949061,0.38376473,114.94044678,2.37274497,39371.04235311,0.2999797,1.00040027,6.27501977,16.03196788,169.61595798,0.32600198,1225.67813488,0.03106756,0.31579685,0.07781462,0.00974244,39335.30961325
2021-01-08 23:59:59,0.23380634,3.12334432,142.52987844,9.30713511,0.99968442,5.88761164,42.39531707,0.36936985,111.70277995,3.21988746,40797.61071993,0.30559684,1.00004467,5.95144498,15.28808542,173.27987445,0.32322959,1224.19714489,0.03061259,0.30283606,0.08168134,0.00984637,40574.24194593
2021-01-09 23:59:59,0.24140934,3.6266849,147.56517476,9.77776543,0.9997769,6.25130035,43.93285446,0.43632135,117.66696294,3.38538175,40254.54649816,0.33297284,1.00294675,6.53939622,17.60751275,177.4839356,0.32691622,1281.07729102,0.03402566,0.31193549,0.08285523,0.01019416,40236.76887615
2021-01-10 23:59:59,0.23555414,3.0872878,185.13798284,9.30504759,1.0000899,5.99116286,42.44847546,0.42760951,126.20067343,3.46611077,38356.43950662,0.3048953,1.00022348,6.43004165,16.24742979,171.11484357,0.31833641,1262.24666381,0.03293481,0.28874908,0.07784684,0.00985959,38332.33917873
2021-01-11 23:59:59,0.21338034,2.67222583,158.58091132,8.27643995,0.99995103,5.25150553,38.37136193,0.3688811,115.60195207,3.10808978,35566.65594049,0.27546555,1.000587,5.72138687,14.55693277,139.25223125,0.28890503,1090.14537315,0.02896345,0.27223839,0.06689872,0.00883453,35375.0237638
2021-01-12 23:59:59,0.21356298,2.59069109,157.77755401,8.26414763,1.00059849,5.5453677,38.11160883,0.35972354,126.05295916,3.61339822,33922.9605815,0.28700303,1.0004137,5.69971706,13.91584923,132.63591652,0.29212313,1043.43458391,0.02855788,0.2817427,0.06501227,0.00806287,33853.32485985
2021-01-13 23:59:59,0.22894638,2.77023335,171.8022576,10.95771005,0.9998109,6.32484939,40.13593172,0.41508947,147.4692885,3.51378151,37316.35939997,0.31360895,1.00001738,6.22269886,15.93009144,147.42134739,0.30557979,1130.73940242,0.03019611,0.30402207,0.07122265,0.00861635,37305.65289141
2021-01-14 23:59:59,0.22715736,2.79825036,163.11329005,14.5390503,1.00011509,6.87152013,41.79368392,0.42300337,147.2622138,3.27816427,39187.32812109,0.31039577,0.99896425,6.43932064,17.82625099,152.08457372,0.29543791,1218.45297846,0.03000966,0.30261974,0.07670484,0.00939673,39188.64360981
2021-01-15 23:59:59,0.21429369,2.7642698,157.38237503,13.21238089,1.00008539,7.36007632,40.91898077,0.43032,162.5793443,3.25016139,36825.36585131,0.30253033,0.9998454,7.93873664,20.70972583,144.23754971,0.2804055,1171.83461074,0.0297898,0.28494095,0.07195131,0.00936903,36693.60170339
2021-01-16 23:59:59,0.21821788,2.78435497,155.94152159,18.18042437,1.00013434,8.41865743,43.17182726,0.42604128,182.93181721,3.44705468,36178.13890106,0.352444,1.00019482,9.02906558,20.2183972,144.26541965,0.28018836,1233.53756838,0.03015329,0.29201915,0.07665999,0.00926465,36252.39678805
2021-01-17 23:59:59,0.22349699,2.76390124,159.58281804,16.98425436,1.00045456,8.6620615,45.68461122,0.43499446,186.2648519,3.8181391,35791.27792129,0.37985223,1.00041395,8.50661725,23.16677294,142.43082129,0.27738365,1230.17227237,0.03014067,0.3035661,0.08026681,0.00906651,35895.35305404
2021-01-18 23:59:59,0.23519459,2.81228728,156.95686257,16.51292725,1.00056645,9.21562851,45.35317239,0.47585838,197.65705672,3.79551495,36630.07568284,0.37142786,1.00080354,9.49400802,22.03626244,152.14408514,0.28476919,1257.27950247,0.03161753,0.30361074,0.08507881,0.0091711,36615.97474265
2021-01-19 23:59:59,0.2456898,2.80395142,157.54364173,16.46850969,1.00004061,8.64135045,42.78553342,0.46965724,187.50846827,3.64186566,36069.80639361,0.36913696,1.00043557,8.97740807,20.75409274,153.48742764,0.2943137,1377.29584154,0.0307922,0.29940454,0.08699337,0.0090982,36143.04931826
2021-01-20 23:59:59,0.23956661,2.77856908,153.02622039,17.94893082,0.9999767,8.9825195,42.60689797,0.46924091,193.3356448,3.72357809,35547.7508855,0.37539388,1.00068566,8.90316239,21.8467765,149.93142516,0.29651801,1382.27409433,0.03050712,0.29435071,0.08465417,0.00906009,35489.38657054
2021-01-21 23:59:59,0.21252189,2.54574348,130.18937528,15.94483794,1.00041884,7.60239984,38.64584075,0.42150845,159.99185659,2.9905359,30825.69850603,0.31020871,0.99969564,7.15371961,18.42427239,130.13350488,0.26894641,1121.57091957,0.02770436,0.25260259,0.07184703,0.00816632,30795.2831446
2021-01-22 23:59:59,0.21688126,2.62964961,135.70203446,17.16144057,1.00027544,8.71697842,40.8575696,0.45606244,188.27962871,3.34622852,33005.76356216,0.34957651,1.00134975,8.01366653,21.62949808,137.27145938,0.27279859,1236.51220729,0.02863758,0.27050141,0.07380502,0.0085235,32980.39015791
2021-01-23 23:59:59,0.21598713,2.70617258,138.20631079,18.59819899,1.00000646,9.30468023,40.8154796,0.44956387,210.36705841,3.50411155,32067.64288212,0.34564349,1.00055499,8.31110346,24.76153091,137.75099018,0.27182148,1230.99063605,0.02918687,0.26975519,0.07251682,0.00857912,32081.55814134
2021-01-24 23:59:59,0.21463159,2.71484034,137.47046712,17.99964968,1.00016243,12.04650866,41.88160564,0.45566551,264.85014401,3.63441116,32289.37808687,0.35388104,1.00141652,8.24055499,24.70185901,141.47731078,0.2735085,1391.60940757,0.03002034,0.27155645,0.07266073,0.00872708,32241.79889815
2021-01-25 23:59:59,0.22255548,2.65393958,137.1972018,17.25045506,1.00004421,11.35221143,41.62370324,0.43203552,249.74367963,3.69998081,32366.39304887,0.34388601,0.99997087,7.75884311,23.54012179,137.44420046,0.26908877,1324.414778,0.02955827,0.26217866,0.07113219,0.00838293,32337.58944796
2021-01-26 23:59:59,0.2459161,2.63006808,138.11320305,17.11776161,1.00007038,13.84000205,41.69473571,0.43307785,272.3576004,4.04734996,32569.84955679,0.34423363,1.00108122,7.71998974,23.02586341,134.75526433,0.26882663,1357.0581398,0.02951282,0.26156682,0.07048403,0.00825458,32668.15656886
2021-01-27 23:59:59,0.23231198,2.50933638,126.01576153,15.50486144,1.00001762,14.83348352,40.99487847,0.39306741,282.44377082,3.69058715,30432.54707881,0.31308042,1.0017644,6.98888227,21.07044661,122.94947331,0.25194347,1253.18713315,0.02832495,0.23907035,0.06531491,0.0074815,30431.74610361
2021-01-28 23:59:59,0.23339327,2.71354962,136.00677643,16.9449327,0.99957828,14.20477366,42.52910584,0.40587155,297.41404299,3.82207194,33466.09635821,0.3461287,1.0015432,8.12952767,23.11090311,133.48693077,0.26412208,1332.49224455,0.02964784,0.29224121,0.0696611,0.03408356,33315.12752081
2021-01-29 23:59:59,0.2342891,2.72706054,140.46539419,16.8416124,0.99997138,15.71157817,42.8523495,0.41178293,286.89914533,3.83467598,34316.38765032,0.3481311,1.00048592,7.98290031,22.77344356,135.01257048,0.28218765,1382.52281244,0.03329551,0.29467435,0.06810335,0.04716157,34312.94454296
2021-01-30 23:59:59,0.23108242,2.92208526,139.47419077,16.50690794,1.0000259,19.46233967,44.77227836,0.42722185,313.08732974,4.22427558,34269.52154165,0.36261874,1.00124331,8.04934246,23.59402774,133.40001778,0.44024444,1376.11553895,0.03202773,0.32486617,0.06578421,0.02817592,34355.65157531
2021-01-31 23:59:59,0.23409034,2.91448315,138.0607014,16.12131511,0.99996079,17.6662939,44.27599213,0.40709336,300.06256418,4.26414404,33114.35774753,0.34489765,1.00080766,8.13737607,22.59843448,129.5708153,0.49231408,1314.9862286,0.03160317,0.30570228,0.06276969,0.03719621,33085.08072341
2021-02-01 23:59:59,0.26405822,3.05967108,143.73500426,16.37577622,0.99994604,20.4156725,51.60769628,0.41369056,295.66131353,4.61160184,33537.1768196,0.40203323,1.00064511,9.21141436,22.83964054,131.95193202,0.37150866,1369.04046855,0.03292715,0.32183469,0.06116023,0.03487468,33702.03377319
2021-02-02 23:59:59,0.27422535,2.99993822,151.54727928,17.26325602,1.0004209,19.08366191,51.05640444,0.42821866,301.11819132,5.2675076,35510.28903716,0.42624709,1.00142744,8.90453897,23.71361319,142.50697498,0.36927,1515.19376962,0.03315322,0.33662008,0.06234366,0.03152025,35519.5210997
2021-02-03 23:59:59,0.28441425,3.06230879,154.96640737,20.73365167,0.9997514,19.7659071,52.24263599,0.45092128,365.5988563,5.71598986,37472.09010368,0.44139965,1.00101337,9.2818901,25.0730351,155.61203291,0.39348981,1660.909542,0.03443866,0.34215116,0.06738417,0.03712003,37513.78382791
2021-02-04 23:59:59,0.26490962,3.02210726,148.58617856,19.7021819,0.99974067,20.14545504,55.92512552,0.43921171,466.4799454,6.42606479,36926.06446515,0.44105138,1.00080374,9.18659397,24.49896345,145.14818702,0.4464491,1594.76269414,0.03317362,0.32522932,0.06361849,0.05328933,36990.566618
2021-02-05 23:59:59,0.28500886,3.30702481,155.27637245,20.90267541,0.99994541,21.18557362,67.84556675,0.51464433,506.77264181,6.6817203,38144.30686267,0.53787367,1.00013137,12.15978836,26.36332586,154.85221567,0.45004704,1718.65087218,0.03625571,0.34960665,0.06770392,0.04693473,38241.69089467
2021-02-06 23:59:59,0.27400452,3.20843193,152.59426078,20.39547912,0.99999704,19.30009871,72.73360043,0.55955741,472.32853192,6.11080668,39266.01073494,0.62788551,1.00112928,12.01680833,25.04933001,155.71474239,0.43909568,1677.84684697,0.03510628,0.37629988,0.06765741,0.05759472,39329.4861526
2021-02-07 23:59:59,0.30518713,3.44378226,150.74122531,19.793615,0.99988628,18.68686418,68.59052075,0.55825925,461.5083374,6.70046276,38903.44147971,0.66323787,1.0012114,13.91670339,24.79012233,151.14007922,0.41795756,1614.22782334,0.0359719,0.38347284,0.06565157,0.07878179,38877.48433487
2021-02-08 23:59:59,0.32249136,3.57921026,162.74543623,23.03189853,0.99979745,19.34528104,79.83154155,0.71738633,490.34201617,7.8832496,46196.46371944,0.68251076,1.00104401,14.23693214,25.45610344,167.21905755,0.447702,1746.61684904,0.04054574,0.39560616,0.06994476,0.07882511,46403.36678208
2021-02-09 23:59:59,0.33247305,4.15971874,169.63153571,23.12996524,1.00003951,19.53385822,107.89927906,0.74904405,488.00188063,7.81679279,46481.10423596,0.70351614,1.00123164,15.08640827,27.594215,182.1144683,0.47199055,1768.03501655,0.04603427,0.39673711,0.07200847,0.07006957,46560.31404944
2021-02-10 23:59:59,0.37066918,4.12987029,175.7175849,23.58505148,1.00001739,20.74179976,129.73715081,0.88655022,517.96825685,9.07221406,44918.18449192,0.93031849,1.00072171,15.00243474,26.85959591,182.1743915,0.5034453,1744.24343196,0.04618917,0.41241884,0.07343014,0.07289631,44846.93430832
2021-02-11 23:59:59,0.39893597,4.58569782,190.37659255,25.23029476,0.99984404,21.55499681,124.43425707,1.1815198,518.07254013,9.21535212,47909.33119483,0.92774131,1.00036728,17.77507977,27.87423942,184.49599958,0.52478651,1783.79795026,0.05706401,0.45291178,0.07999659,0.06967585,47751.07330839
2021-02-12 23:59:59,0.39915975,4.74942018,201.41067994,28.6912576,0.9998242,22.74602037,136.94839191,1.23554333,529.89617535,9.24701198,47504.85118326,0.92558739,1.00169203,21.19640347,30.64073881,197.23171013,0.60859231,1843.53258814,0.05532194,0.52784279,0.08710031,0.07006853,47508.2423937
2021-02-13 23:59:59,0.39789384,5.49298129,240.55879726,28.01672488,0.99986055,21.80675402,133.45268257,1.3091046,494.55965157,8.73245491,47105.51747252,0.90571935,1.00082786,20.24965234,34.10197805,226.22760116,0.62899615,1814.10985253,0.05961609,0.5599478,0.09153725,0.06644953,47123.2711183
2021-02-14 23:59:59,0.3696354,5.09524007,230.69962703,27.09573509,1.00002547,20.93077401,136.42651676,1.18875916,471.6146565,8.73889575,48717.2902111,0.84841862,1.00074601,19.24309907,33.29032208,214.430273,0.5941931,1805.08404652,0.05554395,0.5176439,0.08911482,0.06253697,48696.93181553
2021-02-15 23:59:59,0.38233799,4.69822376,227.5124913,27.78089328,1.00003914,20.06204541,129.56788016,1.27245858,455.61472533,8.8617388,47945.05683234,0.86101193,1.0002501,22.46043982,32.57589946,207.68101945,0.54891537,1779.79097807,0.05074605,0.49376194,0.0858379,0.05659087,47959.18529488
2021-02-16 23:59:59,0.38051868,4.64990409,221.28108114,30.15991114,1.00011428,20.45751915,130.05666054,1.25708085,431.5302847,8.29786719,49199.87134362,0.87095092,1.00040306,25.18671103,31.97348107,210.5465771,0.52084597,1781.06747722,0.05217425,0.48661002,0.08459121,0.05352025,49110.090827
2021-02-17 23:59:59,0.39667736,4.84299411,270.99571574,31.98665846,0.99984083,21.4885262,164.67009984,1.29843875,449.60051733,8.22257719,52149.00753587,0.89091968,1.00037046,23.86461322,32.25679765,236.97352307,0.53553723,1848.4582725,0.0526035,0.49700193,0.10128049,0.04937563,52193.2642924
2021-02-18 23:59:59,0.43629005,4.83930326,262.19024293,31.18063869,1.00004617,21.16178597,195.93263972,1.47607107,440.5109236,8.98045215,51679.79669449,0.91411855,1.00001932,23.13782245,32.44149357,226.86954839,0.5324331,1937.44925643,0.05498865,0.49750761,0.12042431,0.05954129,51684.30042287
2021-02-19 23:59:59,0.5243305,5.24235147,283.48134604,34.79221729,1.00005082,20.07491187,332.61603256,1.48626278,422.2425337,11.46565287,55888.13368221,0.9276491,1.0002009,22.86937248,34.71521025,236.67601167,0.56701857,1960.16474353,0.06102993,0.51360199,0.13763397,0.05513934,55759.77794435
2021-02-20 23:59:59,0.50879973,4.87035974,256.04283581,39.24217734,0.99985207,29.14038501,255.95373113,1.38317335,442.02387644,10.00266398,56099.52051348,1.12295796,1.0000679,21.75671953,34.10981666,227.61989221,0.51751221,1919.5340028,0.05804073,0.48800631,0.13878739,0.05438446,55937.3979345
2021-02-21 23:59:59,0.56653399,5.11315984,247.6500289,39.69622868,0.99994535,28.82971549,293.92359148,1.40225317,435.85377271,11.08551283,57539.9436679,1.10051956,1.00033184,21.59142606,34.15274205,227.23135545,0.54856014,1935.60106022,0.05946833,0.49876793,0.14060037,0.05597983,57557.97282978
2021-02-22 23:59:59,0.69633118,4.7068563,225.02664069,37.68948023,1.00007366,27.71704643,267.50980645,1.30799108,400.88243658,14.45478487,54207.31906543,1.09915079,1.00011129,21.30621488,31.53080638,208.10679546,0.57174115,1781.99297558,0.05437612,0.46695725,0.22026077,0.05372515,54191.46290407
2021-02-23 23:59:59,0.53620395,3.83612973,219.53105732,34.30077361,1.00022051,24.5766447,230.99425179,1.08849648,359.49751981,15.20153822,48824.42686909,0.95470914,1.00003241,20.12894083,25.80034345,176.93491521,0.47356259,1570.20392529,0.04478956,0.38652963,0.15915179,0.04739205,48617.61209255
2021-02-24 23:59:59,0.5346366,3.90117837,205.74912869,33.63354631,1.00022884,25.25514648,254.35913166,1.19475066,367.23089964,17.30270709,49705.33331637,1.05165663,1.00075732,19.49960415,28.08671865,181.37850129,0.47183151,1626.57570543,0.04802804,0.40723952,0.1601389,0.05655541,49437.05883006
2021-02-25 23:59:59,0.49528966,3.6550803,197.54811553,31.08065968,1.00007188,23.2711704,233.88595612,1.09184718,337.50146351,13.81601413,47093.85301914,1.0791162,1.00014857,17.76339623,24.66804707,178.90184288,0.43452354,1475.70373513,0.04520516,0.38126871,0.1555046,0.05016734,47041.73095564
2021-02-26 23:59:59,0.5165751,3.55477351,204.10449657,31.34609002,0.99998599,23.07451171,221.68042929,1.11611424,323.10817521,13.58794089,46339.76008289,1.24110539,0.99999365,18.81569674,25.18731328,170.39815323,0.42790019,1446.0336503,0.04517348,0.40067764,0.15498058,0.05047986,46178.60471541
2021-02-27 23:59:59,0.58156925,3.67420709,209.31081207,33.44936632,1.00003089,23.45471967,225.2494434,1.15116606,334.36448095,13.20116764,46188.45127539,1.32486029,1.00117772,19.17072582,26.23509742,172.10044726,0.43780898,1459.97312093,0.04660641,0.441458,0.15121904,0.0500829,45958.58775577
2021-02-28 23:59:59,0.6041459,3.46425413,217.98951673,33.60725607,1.00029625,22.18955961,209.57440411,1.11982044,344.87000758,13.08924694,45137.77046805,1.30805905,1.00211533,17.6227647,24.66353274,164.92717308,0.41495318,1416.0489059,0.04564734,0.4066509,0.13425579,0.04805151,45290.67699151
2021-03-01 23:59:59,0.66256245,3.69548784,230.22546698,35.58492774,0.99975693,25.44464301,254.62993345,1.21111032,385.41968876,14.95558764,49631.24137077,1.29238787,1.00040867,18.6104849,27.6070607,175.23790535,0.44724414,1564.70764686,0.04781769,0.43031848,0.1495617,0.05059866,49528.85731283
2021-03-02 23:59:59,0.77286175,3.66786538,220.95540956,36.15311759,1.00007774,25.60691279,239.52253899,1.18340281,390.92626057,13.95892139,48378.98805435,1.22558215,1.00102174,18.82212309,28.51118315,177.87243611,0.43683726,1492.60881427,0.04684855,0.41956493,0.15228873,0.05026221,48205.6397878
2021-03-03 23:59:59,0.79526952,3.83845668,219.82544402,37.04332,1.00000157,25.4664093,241.0913696,1.21503036,396.30827717,14.11559058,50538.24341445,1.21659321,1.00041737,21.43749432,29.99002853,188.5256632,0.45027913,1575.85312451,0.04908238,0.42210502,0.15770535,0.05059207,50582.24988983
2021-03-04 23:59:59,0.69846266,3.75721036,217.37327899,35.33031248,1.0001626,28.26248115,229.94506397,1.27048575,374.56693032,13.09798332,48561.1661539,1.114868,1.00007396,18.91533177,27.71873862,181.07864812,0.48660534,1541.91428551,0.05138048,0.41322238,0.15081868,0.05004843,48463.64469125
2021-03-05 23:59:59,0.72602774,3.70249047,206.36390215,33.72447211,1.00027743,28.34505432,226.37256524,1.33030078,367.12553589,12.61044281,48927.3045548,1.16852303,1.00081852,18.69241215,27.87541314,180.76561344,0.45811912,1533.27497556,0.05026901,0.40617013,0.15198968,0.04960851,48602.86841419
2021-03-06 23:59:59,0.74318052,3.7280302,204.83203406,33.43369173,0.99988131,28.477107,226.66685132,1.28117073,382.01959117,13.03645795,48912.38173056,1.13101176,1.00018976,18.93380948,28.16510315,182.98190116,0.46510621,1654.74151694,0.05029012,0.40331018,0.15429862,0.05098429,48975.89251901
2021-03-07 23:59:59,0.70819767,3.8442795,208.6578706,35.18865962,0.99999415,34.27825427,240.17921656,1.3133232,407.15247143,13.87773227,51206.69295308,1.13336664,1.00031792,19.4936591,28.5482119,190.75911134,0.46686727,1723.15379607,0.05172152,0.41284357,0.15979874,0.05212174,51406.18470262
2021-03-08 23:59:59,0.70841482,3.89515635,221.00718564,34.91375165,0.99998412,33.29326699,240.31866521,1.29898184,430.6251097,13.60218776,52246.52230995,1.11805335,1.0004318,19.3552362,31.69816108,191.92768383,0.47359734,1834.72788609,0.05281308,0.41753184,0.16014703,0.06194928,52028.68434221
2021-03-09 23:59:59,0.70088114,4.17295098,225.25488602,38.1941911,1.00007396,32.86460519,293.46322088,1.42126712,439.32953693,14.84631098,54824.11781138,1.19516106,1.00066846,21.13457975,31.499252,203.63786522,0.48598773,1868.04878133,0.05317286,0.43265022,0.17120558,0.05799823,54635.77290869
2021-03-10 23:59:59,0.60875054,3.99433963,220.662648,37.56694449,1.00005183,30.9670982,279.35802339,1.3116725,408.26351907,14.23108356,56008.54940114,1.1350027,1.00052624,19.63877487,29.94671586,200.51685695,0.46316597,1799.16622355,0.05151712,0.41076942,0.17288263,0.05600395,56132.18384701
2021-03-11 23:59:59,0.58712583,3.95602073,221.27403182,36.8824972,1.00012912,31.02901176,289.79078867,1.39113326,403.50932755,15.99227934,57805.12301924,1.12478953,1.0005828,19.2894387,30.07517495,201.25033709,0.45295964,1826.19498661,0.05150626,0.40590001,0.19027201,0.05591786,57778.79914322
2021-03-12 23:59:59,0.38472375,3.79109185,223.36391131,35.98695422,1.00017443,31.00783836,263.68583121,1.3245897,374.71471052,14.552142,57332.08896391,1.03914391,1.00034254,18.58996799,28.46152299,220.82940067,0.44113069,1772.10247833,0.05004248,0.3878707,0.19042917,0.05534893,57230.41679889
2021-03-13 23:59:59,0.36217574,4.28950882,238.46525891,37.15781161,1.00023186,32.52656862,276.10469161,1.37809498,405.39340121,15.30880274,61243.08476552,1.10331403,0.99984543,19.38295999,29.77922646,226.57829812,0.45992445,1924.68543997,0.05281493,0.40826444,0.1982849,0.06243198,61086.43861603
2021-03-14 23:59:59,0.33204093,3.97372387,233.1782789,36.57925054,0.99999785,30.7960226,264.63673926,1.31490836,381.08260484,14.50826599,59302.31697742,1.05915359,0.99979069,18.55370473,28.78942475,215.29610435,0.44211151,1854.56437805,0.05130068,0.39153298,0.18595251,0.0585919,59399.40844769
2021-03-15 23:59:59,0.37401334,3.82094943,222.28563423,34.35751567,1.00008406,29.81665621,254.66082858,1.28038375,369.02280205,14.18666194,55907.20022619,1.03353881,1.00037388,20.03556492,27.49176174,201.26461988,0.43755501,1791.70230241,0.05084007,0.38549948,0.17529491,0.05708768,55848.68018498
2021-03-16 23:59:59,0.39329338,4.06585279,229.43711175,35.43083163,0.99999413,29.93006336,258.10066992,1.32883033,371.21927385,13.62277289,56804.90123161,1.24295254,1.00005832,21.0300093,27.91741934,201.04063659,0.46259998,1806.9717631,0.05229743,0.39574702,0.19396525,0.0586074,56518.7306478
2021-03-17 23:59:59,0.39654087,4.07669718,236.02256754,36.1413638,0.99890232,31.33999408,269.85484604,1.36024538,379.1245646,14.22020281,58870.89333325,1.37867349,0.99908311,20.91105213,31.00975917,206.06792781,0.47241705,1823.44937973,0.05497513,0.40474374,0.19739054,0.05765313,58921.40187289
2021-03-18 23:59:59,0.37873369,4.1681599,231.32944219,35.51722321,1.00099445,30.02918318,261.70480662,1.33100921,363.10073433,14.23002516,57858.92070527,1.23900607,1.00092542,22.23555744,29.50481317,200.53731095,0.47291937,1782.85512445,0.05357783,0.39760939,0.22164099,0.05738277,57878.70092057
2021-03-19 23:59:59,0.38390218,4.16276396,232.81749327,38.27268979,1.0024375,33.25638035,264.0574314,1.34641892,369.37732538,14.20479642,58346.65297359,1.30216994,1.00263235,22.29199645,29.90987497,201.06371543,0.4711709,1817.62409241,0.05879268,0.39832757,0.24316039,0.05832836,58265.00213156
2021-03-20 23:59:59,0.36891159,4.34820882,235.62659541,37.35047923,1.00215144,32.19557077,264.74167667,1.44762728,372.47784121,14.21198148,58313.64260857,1.20654146,1.00223016,20.9057067,29.67692495,200.80642376,0.52699085,1812.63460132,0.06107987,0.41748777,0.21723303,0.05896063,58320.95435809
2021-03-21 23:59:59,0.37269558,4.17024385,233.20999835,36.79361002,1.00096234,32.68374904,264.8861617,1.43417073,370.15155996,14.33220593,57523.42098673,1.18914019,1.00128004,20.50726142,29.27283825,196.42775459,0.51983541,1788.21700883,0.06329613,0.40499879,0.22248744,0.05723426,57493.49460429
2021-03-22 23:59:59,0.36686901,4.10660619,219.7901313,35.53754338,1.00131022,32.96406372,255.9001907,1.47577076,344.32445841,14.91929305,54529.14561107,1.10987396,1.00181096,19.33380374,27.39811379,187.07783543,0.54994159,1691.33401831,0.05976381,0.39674021,0.21692594,0.0549616,54507.57047195
2021-03-23 23:59:59,0.36889497,4.11880438,218.82010091,34.46046617,1.00080404,31.10017847,255.68967121,1.7092836,337.71448352,14.20483076,54738.94493032,1.12155217,1.0011948,18.78286239,26.91505802,187.39396472,0.55659505,1678.65013849,0.05883036,0.40008575,0.21459478,0.05355558,54722.18174143
2021-03-24 23:59:59,0.34344186,3.72250292,211.70570918,30.43643479,1.00155362,27.59833762,249.85138142,1.42915201,322.38054762,13.66129764,52774.26369049,1.07500238,1.00130131,17.59081474,25.05388547,177.65495515,0.48883678,1593.4134567,0.0560789,0.36863908,0.2187281,0.05170175,52814.36819773
2021-03-25 23:59:59,0.33048122,3.69835467,213.78992057,29.9822075,1.00083002,26.67650097,234.88542998,1.34848065,328.21590435,13.02508469,51704.1619252,1.10157403,1.00101636,17.21056926,25.69628691,173.06118625,0.51749833,1595.359192,0.05562184,0.3659004,0.20660372,0.05144848,51704.31511487
2021-03-26 23:59:59,0.35286378,4.18717602,222.50761534,33.2003874,1.00080149,28.96528846,255.10456453,1.45388164,355.60626394,14.77942113,55137.31372578,1.21396897,1.00122202,18.96671807,27.4015666,184.27867316,0.56705516,1702.84201957,0.06489966,0.38750515,0.21313584,0.05395158,55028.76347011
2021-03-27 23:59:59,0.35237434,4.10281412,224.50859771,32.6610468,1.00027398,28.13306028,269.10231416,1.40653079,348.59236933,16.50832188,55973.51084173,1.17657685,1.00060086,18.70562428,26.87954403,184.83043819,0.55044347,1716.49461243,0.06379023,0.38472186,0.20517853,0.05437709,55962.29641606
2021-03-28 23:59:59,0.37020511,4.12377384,233.97366618,32.29789284,1.0007922,27.84012417,269.19128686,1.41977749,346.18989982,18.01623371,55950.7457745,1.19112378,1.00060718,19.30849576,26.69699411,185.02849167,0.55075583,1691.35596451,0.06356293,0.39934099,0.20367223,0.05369841,55948.6091065
2021-03-29 23:59:59,0.38335087,4.2859643,234.80510373,34.37360543,1.00002413,29.12337236,275.21461939,1.51657709,360.31627991,18.85480803,57750.19987147,1.20254105,0.99975875,20.27684357,28.05256859,194.47477728,0.56787082,1819.68496282,0.06479057,0.40788306,0.21865378,0.05405164,57659.19796129
2021-03-30 23:59:59,0.39460214,4.35849733,245.4707683,34.06686061,1.0005575,28.48761617,311.42649356,1.59006218,373.64082623,19.2339251,58917.6930451,1.2133165,1.00089602,19.97778919,27.90404849,196.6820915,0.56685858,1846.03369779,0.06608571,0.40594096,0.22157844,0.05390039,58864.73646644
2021-03-31 23:59:59,0.38299606,4.81330505,246.15054571,37.0270117,0.99960549,27.98652266,302.06345942,1.57923882,377.00814257,19.46522941,58918.83271375,1.19326443,1.00001997,19.11012164,29.35113651,197.49909288,0.57386946,1918.36206064,0.0923122,0.41089808,0.216001,0.05365728,59067.00884384
2021-04-01 23:59:59,0.38055548,5.62270839,252.4958215,37.67287759,1.00086919,28.73943227,335.21287849,1.64016881,377.61179926,19.08490113,59095.80797806,1.18924435,1.00046387,19.64423802,30.23322029,204.11252259,0.57929188,1977.27688844,0.08612,0.43251203,0.22130489,0.06198606,59071.53463139
2021-04-02 23:59:59,0.38233028,6.29863,260.85083845,41.16428269,1.0003495,30.1756456,339.00772696,1.701439,406.69230308,19.81022269,59384.3133586,1.1965094,1.0005762,20.41269041,32.53325019,213.22838562,0.6165688,2143.22563228,0.09255212,0.44658496,0.23070691,0.05766378,59351.16016263
2021-04-03 23:59:59,0.38877084,5.45380913,260.88835977,41.64603202,1.00279087,29.54988535,323.13352019,1.5416244,385.42057192,22.55227712,57603.88917376,1.17327738,1.00308528,20.26838186,29.53488876,197.14820308,0.59091504,2028.4224386,0.10207168,0.41805404,0.21598311,0.0558036,57611.91231682
2021-04-04 23:59:59,0.41623721,6.34845883,261.99031547,44.65221029,1.00295733,31.06555543,351.62439684,1.60786601,404.30973507,24.06132316,58758.55629127,1.19141987,1.00340205,21.73773211,30.95728118,204.04290553,0.64672914,2093.12285275,0.12937339,0.43780683,0.22916112,0.0574037,58592.25936047
2021-04-05 23:59:59,0.42606377,6.7072772,263.92265482,45.79722903,1.00004472,30.79484599,367.77249051,1.72461097,397.92455936,22.98428282,59057.87896588,1.2142998,1.00025367,21.46270972,32.396655,221.06904212,0.92047305,2107.88709669,0.13672526,0.5363666,0.24684827,0.05969593,58570.26003539
2021-04-06 23:59:59,0.47866916,6.66424193,271.04308526,43.43019764,1.00142253,31.32274785,403.5907625,1.81035797,383.98994248,24.95714641,58192.35868406,1.25535429,1.00167979,21.7734846,34.79787992,237.66490597,1.09626562,2118.37895913,0.12437441,0.54274415,0.23104184,0.06445823,58027.45185475
2021-04-07 23:59:59,0.38052139,5.87846207,257.74287163,39.59401474,1.00223668,28.59392519,374.65880229,1.65737191,350.995831,26.47807994,56048.93781271,1.17514881,1.00185473,19.583047,31.17518381,219.42367841,0.91757616,1971.07725542,0.11028233,0.47328047,0.18872076,0.05902847,56272.28270435
2021-04-08 23:59:59,0.41933427,6.43949108,269.99625199,41.36595051,1.00023984,30.22243116,418.03838234,1.89843445,377.93119268,27.03398715,58323.95357975,1.21943585,1.00016716,20.51900069,32.74489781,227.00301798,1.05275643,2088.57365088,0.12306971,0.50681599,0.20334856,0.06146385,58232.90649007
2021-04-09 23:59:59,0.40598118,6.21458435,273.83755533,40.84930674,1.00149293,29.56221964,453.17848235,1.87018552,359.48357425,27.77827443,58245.00300108,1.20353954,1.00109783,21.3995859,31.63246748,221.86236305,1.02083654,2072.10887563,0.1159342,0.48638725,0.21011964,0.06168375,58269.92961252
2021-04-10 23:59:59,0.41620565,6.61133743,292.86569891,41.62615053,1.00059054,29.79238981,472.56034233,2.07704281,367.26334069,26.84140371,59793.23541009,1.21875827,1.0004688,21.05586532,31.89926129,255.62019755,1.37441607,2135.9422007,0.1259832,0.56182902,0.21518136,0.06384492,59746.68577614
2021-04-11 23:59:59,0.44320731,6.74406484,327.31727212,41.42339827,1.00286998,29.97910154,525.38556899,2.09998985,373.37874338,27.9318899,60204.96491379,1.26673468,1.00217661,23.34590421,33.91918249,253.63446683,1.36053004,2157.65703708,0.12235264,0.58880994,0.21348582,0.07464893,60154.70447274
2021-04-12 23:59:59,0.42207977,6.48246117,315.53905198,40.4974979,1.000371,36.7548148,598.72264749,1.99917644,396.53613746,28.51212449,59893.45188869,1.31612697,0.99993669,22.04622919,33.10542637,244.49437292,1.46773497,2139.35319598,0.12904841,0.59059241,0.20934023,0.07076687,59927.61505288
2021-04-13 23:59:59,0.42422224,7.3794546,327.21765682,42.94790898,0.99945584,35.32225973,549.58653697,2.16484422,398.28391889,27.43555345,63503.45793019,1.41178614,0.99927457,23.86588797,35.45663544,266.98147112,1.79400136,2299.18778599,0.14629826,0.65535599,0.22480498,0.09344469,63436.57977955
2021-04-14 23:59:59,0.41960403,7.68199919,321.66006721,42.64084196,1.00143641,36.15106629,549.59186816,2.1261024,430.41622827,26.47511075,63109.69593464,1.45542011,1.00158989,27.10128601,41.42370789,279.7484056,1.83923574,2435.10501889,0.14069403,0.63673458,0.24237387,0.12151736,63127.86119
2021-04-15 23:59:59,0.43869704,7.8940412,344.24447194,43.51597027,1.00032616,37.84837046,542.6320949,2.1853858,466.16483587,27.81831384,63314.01084504,1.48158783,1.00087713,27.97422338,42.75316098,286.59059203,1.76606672,2519.11610012,0.16464966,0.64103984,0.24519625,0.18220744,63187.94189239
2021-04-16 23:59:59,0.45829549,8.53434191,341.74034342,41.53797586,1.00103346,36.27966064,510.22019491,2.53224971,442.19440065,25.39736605,61572.78960116,1.41694879,1.00234538,25.57723046,42.10155257,310.61273991,1.55752673,2431.94650379,0.16208884,0.61326312,0.23704246,0.36587002,61647.07838067
2021-04-17 23:59:59,0.47656932,7.8816891,367.49863558,42.53594924,1.01049621,35.09549297,520.41674735,2.3571985,430.1746817,25.09987446,60683.82123331,1.38486887,1.01152966,24.64755595,40.37206552,304.75991539,1.56005467,2344.89498097,0.15743499,0.59925456,0.23837054,0.28417344,60753.66771379
2021-04-18 23:59:59,0.40365821,7.24290858,337.78583545,37.34743111,1.00009452,31.74631832,481.03425396,2.37976867,382.07509899,32.30291905,56216.18500243,1.27550088,1.00010421,21.37764444,39.06591248,273.09882697,1.4059981,2237.13702776,0.1428787,0.54473406,0.20655052,0.32047533,56190.55596866
2021-04-19 23:59:59,0.37739248,6.62622189,355.63291571,34.81667125,0.99996707,31.44609719,505.09292344,2.08919046,346.81257565,31.67589453,55724.26709807,1.19795885,0.99986532,19.28563883,35.87938291,261.91921665,1.31504432,2166.1887655,0.13023896,0.50123362,0.1952872,0.40731778,55744.0078023
2021-04-20 23:59:59,0.37151368,6.68496802,401.20788588,35.44443611,1.00005423,31.96318937,587.029086,2.19536656,361.60819853,31.77005352,56473.0322808,1.26593427,0.99993812,21.25010433,38.95063527,260.94134637,1.38329899,2330.21093719,0.13303487,0.52794989,0.19559043,0.31949967,56477.14064212
2021-04-21 23:59:59,0.35722344,6.34776003,379.78096414,33.87103012,1.00013383,33.60399021,546.02357326,2.06654654,354.13844062,32.5130438,53906.08804584,1.2067348,0.99993175,19.63514697,36.43635796,258.80559248,1.29649777,2364.75182249,0.12307985,0.49208796,0.19280672,0.30692451,54024.74973271
2021-04-22 23:59:59,0.29878418,5.86122271,348.03997437,32.98847419,1.00002821,34.13132198,506.01300652,1.83024953,362.2285832,38.87975927,51762.27205146,1.14701712,1.00008959,18.7723252,35.23340693,253.07834802,1.15968188,2403.53524134,0.11012968,0.45034616,0.17559361,0.26096732,51667.877282
2021-04-23 23:59:59,0.28865305,5.57185279,354.88341941,32.22798449,0.99997809,32.88169163,526.56524857,1.87309601,345.65529566,36.97842065,51093.65070999,1.15570193,1.00016189,20.47758324,35.0584784,241.35878519,1.1696597,2363.58620073,0.10902453,0.45089188,0.17259766,0.24850933,51133.23697259
2021-04-24 23:59:59,0.26914586,5.07901572,380.51384061,28.93283285,1.00006491,30.11583815,496.41506617,1.66513049,317.49933002,40.73731561,50050.86821565,1.10135493,0.99990911,18.39421191,31.12519769,224.83576607,1.04870583,2211.62580802,0.10270624,0.42574584,0.16603698,0.27021226,50092.5801258
2021-04-25 23:59:59,0.26825311,4.9807062,355.37060449,29.76249034,1.00017852,33.88875065,505.07705473,1.63500916,346.99324847,47.3676269,49004.25326318,1.08825032,0.99993413,18.65067122,31.54062138,223.63285928,1.03225582,2316.05965928,0.10147089,0.41643824,0.16841391,0.25111084,49134.72762908
2021-04-26 23:59:59,0.31531508,5.85606286,402.40958108,33.40662676,0.99998687,37.94541273,534.57769122,1.99046867,405.15672313,43.97651543,54021.75478737,1.23401945,1.0000417,22.0742303,35.13598467,247.40592248,1.36850552,2534.4817987,0.11729479,0.48560983,0.18748403,0.27067449,54092.54924012
2021-04-27 23:59:59,0.34777668,6.0460677,402.76592983,34.70315875,0.99992701,39.61473184,568.47054794,2.20815809,440.22324594,43.2390029,55033.11801332,1.30692719,1.00006249,23.04837231,36.80806926,259.65229592,1.40095461,2662.86524559,0.12579393,0.5094793,0.19399519,0.2721883,55047.08672741
2021-04-28 23:59:59,0.33443655,5.96089324,414.48049468,33.967554,1.00019873,42.80321249,562.63256836,2.18904521,460.35151028,44.82598502,54824.70489507,1.33566594,1.00005234,22.95691795,36.22083668,258.50517094,1.35860097,2746.38005291,0.12268425,0.49734937,0.18702678,0.32368163,54830.5904877
2021-04-29 23:59:59,0.33466155,5.8877357,407.36011237,35.96815555,1.00014365,41.03312655,599.7065421,2.10181624,438.70997496,42.46054046,53555.10849133,1.3080138,0.99996558,22.12502731,36.44501912,255.58527087,1.3993598,2756.87699416,0.1212654,0.49179688,0.18453121,0.30516938,53647.60352689
2021-04-30 23:59:59,0.35257073,6.44322701,421.89082777,36.54066328,0.99982417,40.69766537,624.08056078,2.14907015,444.72879905,42.95600088,57750.17734563,1.35244901,1.00000862,22.72773528,38.12850618,271.16707826,1.59167357,2773.20713193,0.13222902,0.52952624,0.19826524,0.33756111,57880.62807351
2021-05-01 23:59:59,0.35129297,6.61410264,426.27910906,36.92968465,1.00015383,40.19977427,619.34722929,2.10979698,503.86568384,49.50802136,57828.05063222,1.35307116,1.00011075,23.81965762,41.11626023,276.83352024,1.65102495,2945.89270802,0.13110811,0.53980174,0.19425865,0.39298743,57790.94522217
2021-05-02 23:59:59,0.34101118,6.52820095,405.12923593,36.65453024,0.99994853,42.32731437,622.10101373,2.04390436,483.41444421,46.89098709,56631.07741255,1.32681236,1.00013222,23.09726427,39.50485664,269.10436986,1.56264103,2952.05605494,0.12765305,0.55949182,0.18704489,0.3760461,56381.79120184
2021-05-03 23:59:59,0.34881234,6.81549676,411.84068984,37.2552079,1.00010383,42.31752885,675.68407747,2.08293704,519.06942055,45.93368941,57200.29122289,1.36202978,1.00016493,22.96747505,42.05980711,294.70401603,1.5559947,3431.08613981,0.13161447,0.55214185,0.18784121,0.44170671,57419.66263845
2021-05-04 23:59:59,0.31101158,6.36703997,380.206495,34.85350908,1.00019481,43.16450615,611.2003008,1.83349174,453.35241136,42.7295562,53333.53775274,1.2741105,0.99995116,21.04228675,45.68613929,306.23450395,1.39237606,3253.62947001,0.11939428,0.50332286,0.16589647,0.54133438,53304.35824351
2021-05-05 23:59:59,0.37191695,8.78454775,417.20887496,40.49504611,1.00011763,42.49618733,651.66270747,2.02895528,480.03080165,44.92357516,57424.00594813,1.47552896,0.99987478,24.76270742,49.42929628,356.03707899,1.61451155,3522.78318978,0.14635251,0.6034291,0.18440218,0.65763288,57558.32965608
2021-05-06 23:59:59,0.38781867,11.43225797,422.51740653,41.53346783,1.00005478,40.22020652,633.28039598,2.21385987,452.40875669,43.45567555,56396.51416376,1.65012351,1.00016893,25.53327512,47.1274018,353.51035114,1.60058065,3490.88045894,0.15177265,0.65103201,0.1899728,0.58080387,56543.90711398
2021-05-07 23:59:59,0.39852264,10.42617663,457.14500168,39.92985068,1.00007692,39.78305305,624.56330073,2.18422491,445.22238064,43.15501855,57356.40187692,1.6534527,1.00016611,28.74724687,49.31119929,346.25356951,1.58175517,3484.72889546,0.14767983,0.63037681,0.19014458,0.68477698,57509.28203286
2021-05-08 23:59:59,0.38103947,10.35912473,475.47278566,39.83269154,1.00003381,40.40708818,646.10081969,2.15938603,466.31755388,45.56153042,58803.77580865,1.61955362,1.00007757,29.43514958,48.60890475,346.3687306,1.56259835,3902.64773368,0.1431106,0.61655136,0.18116205,0.63643918,59290.92733346
2021-05-09 23:59:59,0.37658782,10.53115275,483.58361153,40.31284249,1.00005229,39.43003307,662.2285746,2.26335289,459.58723356,44.33019564,58232.3161419,1.77056202,1.00005767,28.77955316,52.19869656,386.45077919,1.53529288,3928.84470583,0.14287514,0.6285886,0.17749957,0.57007049,58269.82650108
2021-05-10 23:59:59,0.3336495,9.25565747,441.63737352,36.54177226,1.0000173,36.38795258,631.35200714,2.01361496,433.0535672,42.9096342,55859.79754454,1.64469609,1.00013654,25.33628698,46.46869475,359.32930323,1.38900575,3952.29387234,0.12715927,0.6595791,0.15621066,0.44996367,56110.16418314
2021-05-11 23:59:59,0.35889759,14.36554194,453.53113633,38.64228338,1.0001674,38.4899796,672.33394593,2.11516603,457.17806873,44.57746773,56704.5730585,1.76407741,0.99996725,26.90596678,48.75476338,377.38879964,1.47768244,4168.70104865,0.13882585,0.7299956,0.17369025,0.49523086,57035.1217856
2021-05-12 23:59:59,0.29089968,10.28460211,392.38294203,34.0313921,1.00009685,36.03806779,588.18519356,1.75005219,490.57903135,42.45731054,49150.53387514,1.55277474,0.99999281,22.67820971,41.03371024,303.08485491,1.24786361,3785.84860304,0.11869919,0.58870461,0.15413759,0.38537602,49433.48091981
2021-05-13 23:59:59,0.30879805,10.64987883,402.35749427,40.03165509,0.99982437,37.36915995,571.43453452,1.96177167,508.62279907,40.99785093,49716.19160254,1.93366833,0.99986797,23.54801357,43.0898316,316.90934375,1.35891006,3715.14846639,0.12147282,0.64415073,0.16168471,0.49037394,49687.08112452
2021-05-14 23:59:59,0.31936316,11.17853804,412.54042006,47.94594002,0.99996213,40.32621293,603.12827135,1.95440793,594.55687732,42.71786492,49880.53342038,2.00479628,0.99996491,25.76825673,46.54690337,326.23386846,1.40291747,4079.05745857,0.12477582,0.6680418,0.16449628,0.55960438,50099.0692121
2021-05-15 23:59:59,0.29689987,10.23040966,382.39889569,43.53863138,1.00009016,36.57718291,563.04166633,1.85308117,516.16936703,43.46130814,46760.18656071,2.17402734,0.99982253,24.57972633,41.49831171,299.77251044,1.48588012,3638.12204192,0.12069062,0.67624091,0.15412365,0.50797205,46873.4121147
2021-05-16 23:59:59,0.29910547,10.12102985,390.91467801,42.6315128,1.00015547,36.56150503,562.82985597,1.99776622,526.2147085,47.20082674,46456.05847448,2.30911258,0.99997528,24.3237534,40.73714996,296.62703675,1.45260573,3587.50620646,0.11950581,0.71430191,0.15141395,0.51489521,46391.50876738
2021-05-17 23:59:59,0.27516514,9.15076131,339.8818286,38.71015867,1.00009976,33.28563801,511.96439791,1.8522291,574.25943504,46.86320579,43537.51138918,2.03222585,0.9998022,21.10904437,37.1944393,281.76930683,1.49630034,3282.39779583,0.11287009,0.64560131,0.14332767,0.48789165,43538.52809983
2021-05-18 23:59:59,0.28856899,9.33297233,341.26158168,40.64535668,1.00001839,35.07203032,508.02230499,1.88933282,632.26648755,55.91096029,42909.40092517,2.00366235,1.00068048,22.82376307,42.54531612,294.6193151,1.5907339,3380.0700925,0.11638647,0.64711452,0.14771085,0.47611501,43099.41398235
2021-05-19 23:59:59,0.19351548,5.75589399,200.02718684,25.2271421,0.99992609,23.42795801,339.02548616,1.14167045,418.369321,35.10718335,37002.4404659,1.48252148,1.00161636,13.93735232,26.70195995,189.52017899,1.07031315,2460.67920048,0.07933165,0.4504267,0.12127186,0.33312345,37000.04184354
2021-05-20 23:59:59,0.224205,6.67174097,282.42338338,29.15056918,0.99988004,26.39457361,393.61277044,1.33314691,468.81267809,44.74274669,40782.73826245,1.81046891,1.00185206,16.99842979,30.78122907,212.27613741,1.18553663,2784.29415835,0.0895967,0.49759036,0.12740548,0.40019368,40761.14996506
2021-05-21 23:59:59,0.20282134,5.56042624,256.76641865,24.46397045,1.00041709,21.90126016,326.29632017,1.10205842,373.41851052,38.81285182,37304.69067136,1.55227651,1.00188755,13.56206809,25.57757684,180.19703077,1.0069763,2430.62138539,0.07792124,0.41935499,0.12073228,0.35938192,37303.96545029
2021-05-22 23:59:59,0.19328842,5.11459009,231.61368695,22.01452423,1.00080685,20.38345517,299.50409384,1.02079739,334.48069393,31.31558234,37536.63111241,1.46362221,1.00155538,12.23784493,23.29215752,169.5945621,0.90631728,2295.70565666,0.075359,0.38995337,0.11809805,0.34237123,37619.23574488
2021-05-23 23:59:59,0.16336757,4.32114288,227.92907184,18.02944198,1.00042174,16.83633451,262.94567329,0.91143308,295.08922914,24.6887481,34770.58362292,1.32543642,1.00167359,11.73848318,20.0083736,143.51935628,0.79701534,2109.57985208,0.06318105,0.36780487,0.09707265,0.30807063,34904.07773422
2021-05-24 23:59:59,0.1908937,5.607606,255.36768687,23.1990897,1.00028747,24.62764998,345.30963601,1.07309074,385.57160812,31.28357082,38705.97863723,1.54948454,1.00147161,14.44259402,26.36295868,183.99412311,0.99283503,2643.5909947,0.07672266,0.43970183,0.12213217,0.36616223,38770.43572648
2021-05-25 23:59:59,0.18843802,5.70749422,247.11301538,22.13013035,0.9999299,25.1950171,344.11397236,1.08158089,371.38023972,29.99707775,38402.22385137,1.55536852,1.0011486,13.91077807,27.62983793,183.49789699,0.97618689,2706.62898111,0.07728137,0.42881321,0.12277305,0.34630195,38409.56818005
2021-05-26 23:59:59,0.2146049,6.43280913,268.57833522,24.54968784,1.00041767,29.36829573,379.85430638,1.28580177,414.93294547,35.53981588,39294.19738214,1.78270247,1.00176644,15.26393561,33.98487499,199.22433183,1.0337254,2888.69868104,0.08324077,0.44467373,0.13076995,0.35369307,39377.94197607
2021-05-27 23:59:59,0.20312975,6.97382882,250.66959332,23.85298245,1.00024939,28.37033434,367.65579371,1.16605506,369.97811139,33.58459127,38436.96853505,1.64595952,1.00099112,14.41951447,31.51471335,193.1210965,0.97023464,2736.48858585,0.07915143,0.41859093,0.12866542,0.33294531,38495.1622238
2021-05-28 23:59:59,0.18030926,6.12092142,262.82053673,21.41009275,1.00019569,25.92494516,329.87991146,1.04225366,320.3811519,29.0392767,35697.60639024,1.51198699,1.00048137,12.71808147,27.95169276,177.32066097,0.90014845,2419.90629016,0.07208664,0.39879243,0.11385487,0.31120487,35999.61465642
2021-05-29 23:59:59,0.17567779,6.01834523,242.68447412,19.86337513,0.99990108,23.17946491,305.05216646,0.9755483,297.89964198,27.37642132,34616.06800347,1.4062323,1.00039212,12.06832355,25.39863991,163.80810442,0.83178801,2279.51417661,0.06878348,0.36715712,0.11128515,0.30310971,34692.2484778
2021-05-30 23:59:59,0.18178768,6.04230109,262.33375548,20.47398745,0.99949847,25.74251926,325.78403859,1.03355951,325.1483991,28.60265892,35678.12920411,1.57727861,1.00006295,12.5888373,26.86960307,170.97822469,0.90660881,2390.305302,0.07203628,0.37568756,0.1121849,0.30222359,35663.08895633
2021-05-31 23:59:59,0.19516366,6.64687625,272.91950631,23.43092808,1.00026444,28.36971009,354.32934483,1.11546203,383.08341024,32.81624582,37332.85368874,1.74277833,1.00053281,13.9941215,32.08858561,188.03367237,1.04658407,2714.94534372,0.07692039,0.40340725,0.12561707,0.32581045,37391.82184235
2021-06-01 23:59:59,0.1885995,6.30136208,265.77483576,22.81084573,1.00002504,27.3952343,362.79464562,1.12229265,372.8724613,30.9852604,36684.92451667,1.73475328,1.00010865,13.75741809,30.69901269,182.9806911,1.01100086,2633.51841662,0.07613585,0.41770956,0.12308763,0.37007655,36706.41877206
2021-06-02 23:59:59,0.19504231,6.37369364,294.09207249,25.95772798,1.00027737,27.63148036,401.26231473,1.28150304,384.40269091,33.95631637,37575.17957566,1.75282424,1.00055005,14.85279319,30.65630176,187.263982,1.02440033,2706.12497095,0.0780411,0.41901047,0.13040256,0.42337353,37648.3700934
2021-06-03 23:59:59,0.20571079,6.52876805,308.18877112,27.01345782,1.00024168,28.63080951,427.80792961,1.37648529,397.49794841,39.47090699,39208.76599489,1.84047105,1.00057072,16.63729525,32.19055828,193.08618431,1.04532119,2855.12653096,0.08211933,0.42534299,0.13336542,0.39996289,39154.92789576
2021-06-04 23:59:59,0.18735515,6.02204615,287.4637161,25.00829946,1.00074936,26.44299507,391.39531064,1.25342464,373.88263034,37.41507138,36894.40532994,1.71090831,1.00103757,15.08472673,28.87575325,178.87201467,0.97019603,2688.19499931,0.07725166,0.38503902,0.12137417,0.37632255,36938.9944354
2021-06-05 23:59:59,0.18063309,5.77929805,264.30828761,23.81677127,1.00018434,25.60755124,390.43184585,1.21486939,356.66771648,39.58540119,35551.95872588,1.65900908,1.00031258,14.87379772,27.12679708,173.02871738,0.92328578,2630.57680077,0.07559645,0.37537959,0.11914423,0.3721774,35579.82810664
2021-06-06 23:59:59,0.18771757,5.85413058,272.5946848,24.20159944,1.00057698,25.91248083,393.82021338,1.25128027,365.66003352,42.30837824,35862.37772747,1.67824828,1.00083959,15.09888382,27.55157687,176.63943035,0.94528629,2715.09266119,0.07750709,0.38125534,0.12429435,0.37180708,35851.13573972
2021-06-07 23:59:59,0.17099717,5.17529054,248.93337213,21.62695835,1.00053988,24.19516632,357.31021714,1.09564115,333.88496551,38.2623335,33560.70783776,1.56410597,1.00078862,13.41445135,24.52720963,161.7327963,0.86115488,2590.26330395,0.07162098,0.34623223,0.11576074,0.33104994,33646.21265275
2021-06-08 23:59:59,0.1654992,5.06735482,254.87542146,21.74526987,1.00049674,23.5302181,354.00137418,1.15270819,331.01690893,41.51781354,33472.63174808,1.58802982,1.00119008,13.63086725,24.17489797,161.16107039,0.87578752,2517.43862412,0.0726329,0.35056711,0.11417881,0.32768651,33457.48690444
2021-06-09 23:59:59,0.1738607,5.31672029,274.3316535,23.18493857,0.99995007,25.12730308,375.73467174,1.17939029,338.5967323,42.03177788,37345.12148619,1.62482593,1.00057216,13.93913485,25.56934195,172.13865223,0.92003365,2608.26698585,0.07537511,0.36429074,0.12307228,0.34333093,37322.84919926
2021-06-10 23:59:59,0.17019803,5.0808849,255.35590299,22.68481641,1.0003166,23.5971588,352.18318757,1.11036812,310.14837954,41.09867281,36702.59937466,1.53185675,1.00073789,12.80816122,23.1006791,168.20305888,0.86918199,2471.51867508,0.07260882,0.33921014,0.11745762,0.3263507,36711.75192393
2021-06-11 23:59:59,0.16414481,4.91951768,242.98160343,20.9858573,1.00043475,21.85097044,345.93367393,1.03827897,285.08174445,36.0460873,37334.39952553,1.43637815,1.0005113,11.93714826,21.47896799,162.88053121,0.84845025,2353.76868661,0.06914333,0.31866094,0.11797314,0.31935918,37259.91979465
2021-06-12 23:59:59,0.15696844,4.83296893,242.96052121,20.77703646,1.00113594,21.32251526,343.74102005,1.01761908,278.51403806,36.44168945,35552.51714847,1.48022006,1.0011399,11.61866456,21.68654584,162.01486248,0.83268337,2372.48445358,0.06811941,0.32829736,0.11245501,0.31208361,35586.76506316
2021-06-13 23:59:59,0.16554718,5.09035153,261.19461432,22.07633422,0.99963004,23.27432047,366.64895352,1.09262394,317.12916788,38.77043536,39097.86089667,1.55835861,0.99973289,12.50014734,23.33760127,170.93088348,0.88316045,2508.39163246,0.07155609,0.34473023,0.12015703,0.32438177,38899.29583171
2021-06-14 23:59:59,0.16999141,5.12766071,269.93547313,22.2053555,1.00003023,23.40723795,368.79275866,1.09321459,317.90136333,38.71305293,40218.47785943,1.57510989,1.00062581,12.61107974,23.86089948,172.94910161,0.89289677,2537.8911584,0.07225158,0.34830177,0.12217272,0.33208479,39901.55563599
2021-06-15 23:59:59,0.17275504,5.28431461,279.49569304,24.76083633,1.00028435,24.18085206,373.56615382,1.14802023,319.75729172,41.15364704,40406.26898673,1.59775557,1.00037721,13.3602947,26.08422722,178.65942373,0.88980016,2610.93672749,0.07255148,0.34381443,0.11961407,0.32838122,40438.42242212
2021-06-16 23:59:59,0.16441363,4.86366867,262.21863778,22.97217496,1.00016764,21.832226,347.03343605,1.0635424,290.26850308,39.70361677,38347.06322666,1.48257293,1.0000229,13.38144006,23.01507766,166.45893627,0.83190807,2367.6634963,0.06891662,0.31737312,0.11406148,0.30776119,38333.12985098
2021-06-17 23:59:59,0.16230614,4.86891795,277.1090278,22.51145401,1.00071689,22.15489122,352.73851932,1.09809748,292.91462583,39.26459349,38053.50417253,1.48219392,1.00074513,13.60036792,23.35679139,167.05569312,0.84143816,2372.00202359,0.07382187,0.31756078,0.11437088,0.30649565,38009.69964626
2021-06-18 23:59:59,0.15226029,4.56096507,264.84450794,21.39889603,1.00138354,20.39336123,336.80968918,1.0086972,264.35209385,36.64879726,35787.24478177,1.41539597,1.00174913,12.42953431,21.21115148,156.35563028,0.79764845,2231.73314201,0.06958385,0.29765582,0.10589558,0.29347221,35772.05213657
2021-06-19 23:59:59,0.14773017,4.48241313,270.52072806,20.35594177,1.00138626,19.91080622,335.71284371,0.96652605,256.35608875,35.35343464,35615.86927002,1.39056985,1.00145053,11.94155811,20.42398275,153.29544922,0.7616733,2178.49913873,0.0687217,0.29079876,0.10840062,0.28735578,35607.27756877
2021-06-20 23:59:59,0.14272239,4.5169318,264.60087117,20.6723643,1.00096177,20.80651277,340.06718574,0.96293098,273.49936021,35.32201165,35698.29644336,1.42918763,1.00087549,12.01341165,21.73541643,155.09258447,0.77637699,2246.36453295,0.06783275,0.29763036,0.10819121,0.28090031,35670.93128632
2021-06-21 23:59:59,0.10691349,3.52517961,203.36182445,15.76990391,1.00025988,15.85063849,270.98443944,0.7496985,212.98946504,26.65740024,31676.69373254,1.17747986,1.00008932,9.54827614,17.42409727,124.78646256,0.61038802,1888.44749682,0.05358428,0.23666702,0.09096408,0.17869117,31662.63781054
2021-06-22 23:59:59,0.09600398,3.38662092,201.53152881,14.65241199,1.00080515,16.3802756,261.81808367,0.7166771,205.75170322,26.77185571,32505.6598245,1.15325442,1.00100216,8.97330087,16.8064919,119.60268257,0.54506708,1874.95002135,0.05093979,0.23463027,0.08853063,0.19103065,32448.80416062
2021-06-23 23:59:59,0.1109789,3.68247273,212.46378384,16.14248997,1.00047021,17.8716959,294.49029442,0.79234621,214.09076815,30.04888728,33723.0289781,1.25289584,1.00074583,10.09749195,18.38720423,128.67498521,0.62653535,1989.73627073,0.05572165,0.25717496,0.09477718,0.23217351,33736.60977678
2021-06-24 23:59:59,0.11691044,3.91090965,225.06805257,16.25365762,1.00012618,18.0547136,308.39704667,0.83587796,210.85982427,31.18103477,34662.43589358,1.35608726,1.00014878,10.33978257,19.03735827,134.48460053,0.67199983,1988.45627579,0.06602454,0.26776888,0.10080688,0.26278229,34668.0398163
2021-06-25 23:59:59,0.10609517,3.55043096,196.50369613,14.46769563,1.00001683,15.90518993,281.6209029,0.77247599,187.16875432,28.69886234,31637.78005541,1.25647848,0.99984496,9.14110998,16.93096725,125.68774237,0.61332274,1813.21723241,0.06160129,0.24259402,0.09495743,0.23915293,31733.60075059
2021-06-26 23:59:59,0.10770987,3.56373086,202.77748245,14.49961244,1.00143569,16.10042424,279.43804329,0.7853564,186.97187502,29.7128554,32186.27767093,1.25043983,1.0012141,9.54361847,16.95522134,126.65725815,0.61543549,1829.23921725,0.06269557,0.24930914,0.09536929,0.2447839,32055.92599362
2021-06-27 23:59:59,0.11260571,3.76642261,211.19907236,15.01559423,1.00059122,17.09566736,290.56701985,0.79654737,202.67640068,31.92939059,34649.64458753,1.33520171,1.00064173,10.04968369,18.3441403,132.34789169,0.64692267,1978.89466209,0.0647795,0.25864757,0.10626715,0.26444968,34590.68663608
2021-06-28 23:59:59,0.11680376,3.84092529,212.448741,15.74037753,0.99992529,17.6838602,289.53411822,0.81721865,226.37249247,32.92778164,34434.33531428,1.32475207,0.99992833,10.84878229,18.77398814,137.37085321,0.64374639,2079.65743586,0.06523091,0.26350837,0.10906214,0.2568567,34366.25611107
2021-06-29 23:59:59,0.127813,4.10953353,217.1449805,16.2533695,1.00006596,18.55432976,300.21154806,0.83998142,236.76587081,33.86680149,35867.77773549,1.36843749,1.00002372,11.57971156,19.46001092,143.70291762,0.70172477,2160.76835244,0.067691,0.28081798,0.11535536,0.26276884,35900.97542985
2021-06-30 23:59:59,0.13441564,4.13584201,222.2694386,16.40219483,1.00008869,19.27835826,303.29587691,0.86603176,250.38549399,35.55640607,35040.83724889,1.3834715,1.00021572,12.00351561,19.49723657,144.13583105,0.70637445,2274.54771264,0.06814648,0.28297797,0.11534992,0.25421537,35090.36158036
2021-07-01 23:59:59,0.12827357,3.93822412,206.56387428,15.2789639,1.00019184,17.87039878,288.21840481,0.80313785,231.62636199,33.40403357,33572.11765253,1.33561147,1.00022626,11.11038903,18.27329273,137.57752757,0.66118021,2113.60552345,0.06489425,0.26974563,0.11211262,0.24454948,33519.0474924
2021-07-02 23:59:59,0.13145517,3.93432509,211.34514337,15.34077444,1.00003484,18.24172609,287.42309381,0.82875369,233.94843657,34.02048201,33897.04858963,1.39439704,1.00003271,11.76492484,18.2835607,136.94369585,0.65676289,2150.04036404,0.06651217,0.26342729,0.11391362,0.24526382,33824.2633391
2021-07-03 23:59:59,0.13475609,4.04642137,214.75277811,15.5537163,0.99998396,19.52475708,298.23711708,0.82916853,259.65522529,34.47881569,34668.54840182,1.40683592,0.99995627,11.81792697,18.53881808,140.27968797,0.67288818,2226.11428196,0.06681272,0.26432422,0.1184066,0.24641099,34676.98591455
2021-07-04 23:59:59,0.13761713,4.05993023,219.84141793,16.01402627,0.99950038,20.77187449,307.73209557,0.84414516,277.03879166,34.31060133,35287.77976616,1.4581844,0.99950088,12.26354828,19.26283751,144.90584922,0.69494543,2321.72411157,0.06729835,0.26812823,0.12242731,0.24648301,35289.76293143
2021-07-05 23:59:59,0.13060235,3.81926634,214.46499257,15.23558237,1.00052779,20.09518102,302.37798013,0.82002159,307.8290792,32.98458751,33746.00245614,1.4048981,1.00066742,13.54847514,18.37158918,138.07324564,0.65430037,2198.58246387,0.06457423,0.25445643,0.11581379,0.23161442,33806.66176437
2021-07-06 23:59:59,0.13359061,3.88232464,222.13713561,16.14356433,1.00005854,22.40018588,320.93480178,0.85173475,316.89850739,34.26913971,34235.19345116,1.41805266,1.00009009,13.15937136,20.08046649,138.98563599,0.66540248,2324.67944917,0.06493519,0.26018954,0.12285622,0.23442176,34189.37282594
